Transaction ID,Date,Time,Type,Name,Emoji,Category,Amount,Currency,Local amount,Local currency,Notes and #tags,Address,Receipt,Description,Category split,Money Out,Money In
tx_0000B0n3Dm2I5sqX4O10eS,01/12/2025,02:10:00,overdraft,,,General,-0.31,GBP,-0.31,GBP,This is the charge for your November 2025 overdraft,,,November overdraft fees,,-0.31,
tx_0000B0n7EgfBxDGYFBTc4C,01/12/2025,02:54:59,Pot transfer,Money Pot,,Transfers,20.00,GBP,20.00,GBP,,,,,,,20.00
tx_0000B0n9q74OwBbxRtPI0n,01/12/2025,03:24:09,Pot transfer,Bills Pot,,Transfers,23.68,GBP,23.68,GBP,,,,,,,23.68
tx_0000B0n9q7Qjb9TYZ9r7p5,01/12/2025,03:24:10,Direct Debit,O2,,Bills,-23.68,GBP,-23.68,GBP,D20535255,,,D20535255,,-23.68,
tx_0000B0nDCpboK7z4Ap5NI1,01/12/2025,04:01:37,Direct Debit,Thames Water,,Bills,-69.00,GBP,-69.00,GBP,900092499220,,,900092499220,,-69.00,
tx_0000B0nDIj1diHusp86hG8,01/12/2025,04:02:57,Pot transfer,Investments Pot,,Transfers,1000.00,GBP,1000.00,GBP,,,,,,,1000.00
tx_0000B0nDIjL8XnYyuX4Ytt,01/12/2025,04:02:57,Direct Debit,Fidelity,,Bills,-1000.00,GBP,-1000.00,GBP,AS10162900,,,AS10162900,,-1000.00,
tx_0000B0nGFMcgqe6GKeb4s6,01/12/2025,04:35:57,Direct Debit,Octopus Energy,,Bills,-138.23,GBP,-138.23,GBP,J2SSTZW,,,J2SSTZW,,-138.23,
tx_0000B0nGZRmfMzyaa1hOIF,01/12/2025,04:39:35,Pot transfer,My Bills Pot,,Transfers,160.83,GBP,160.83,GBP,,,,,,,160.83
tx_0000B0nGZS9M0dAeXfK8P6,01/12/2025,04:39:35,Direct Debit,Tabeo,,Bills,-160.83,GBP,-160.83,GBP,S8E6B4B-796040-SMI,,,S8E6B4B-796040-SMI,,-160.83,
tx_0000B0na6IkFtZdJifHoUk,01/12/2025,08:18:25,Bank transfer,Joseph Buckett,,Income,912.60,GBP,912.60,GBP,Rent,,,Rent,,,912.60
tx_0000B0na8LXYTRlG5EbylO,01/12/2025,08:18:47,Pot transfer,Rent Pot,,Transfers,-912.60,GBP,-912.60,GBP,,,,,,-912.60,
tx_0000B0na9BHO6ndFvsBgkE,01/12/2025,08:18:56,Monzo-to-Monzo,Joseph Buckett,,General,69.07,GBP,69.07,GBP,,,,,,,69.07
tx_0000B0nb2fpMEZAwem23xx,01/12/2025,08:28:58,Monzo-to-Monzo,Michael Degroot,,General,35.95,GBP,35.95,GBP,,,,,,,35.95
tx_0000B0nb3oHoGlThna61Fh,01/12/2025,08:29:10,Monzo-to-Monzo,Michael Degroot,,General,69.07,GBP,69.07,GBP,,,,,,,69.07
tx_0000B0o5OqMqivCpP8UGu1,01/12/2025,14:09:07,Card payment,Kineya,🍜,Eating out,-13.50,GBP,-13.50,GBP,,,,Kineya Mugimaru        London        GBR,,-13.50,
tx_0000B0o8wXgez1WhCKIf5u,01/12/2025,14:48:49,Pot transfer,Food  Pot,,Transfers,100.00,GBP,100.00,GBP,,,,,,,100.00
tx_0000B0oBvxiF2FWkVNbsDS,01/12/2025,15:22:20,Pot transfer,Rent Pot,,Transfers,2981.94,GBP,2981.94,GBP,,,,,,,2981.94
tx_0000B0oC6PaWFYNdr4yr8z,01/12/2025,15:24:13,Faster payment,Joe Crosby,,General,-2809.59,GBP,-2809.59,GBP,Joe Crosby,,,Joe Crosby,,-2809.59,
tx_0000B0oWsO1VMw7eO3YCby,01/12/2025,19:17:00,Card payment,Uber Eats,🍽,Eating out,-15.82,GBP,-15.82,GBP,,Aldgate Tower First Floor,,UBER   * EATS PENDING  London        GBR,,-15.82,
tx_0000B0oWvRcaRoNTE6OyMW,01/12/2025,19:17:33,Pot transfer,Savings Pot,,Savings,-160.00,GBP,-160.00,GBP,,,,,,-160.00,
tx_0000B0oWwM6eRECvZ3kVOM,01/12/2025,19:17:43,Pot transfer,Savings Pot,,Savings,-30.69,GBP,-30.69,GBP,,,,,,-30.69,
tx_0000B0og50Gdu2m6F3GnSc,01/12/2025,21:00:07,Card payment,Uber Eats,🍽,Eating out,-17.22,GBP,-17.22,GBP,,Aldgate Tower First Floor,,UBER   *EATS           London        GBR,,-17.22,
tx_0000B0og5BHkwF0NfWNRJL,01/12/2025,21:00:09,Card payment,Uber Eats,🍽,Eating out,15.82,GBP,15.82,GBP,,Aldgate Tower First Floor,,UBER   * EATS PENDING  London        GBR,,,15.82
tx_0000B0ohJk7GKqrmbrIvAH,01/12/2025,21:13:59,Card payment,Ocado,🛒💻,Groceries,-92.44,GBP,-92.44,GBP,,,,Ocado                  0345 656 1234 GBR,,-92.44,
tx_0000B0p4G76NENMh5nsZre,02/12/2025,01:31:03,Pot transfer,Money Pot,,Transfers,20.00,GBP,20.00,GBP,,,,,,,20.00
tx_0000B0qa9qMTwupGShdwm1,02/12/2025,19:03:11,Faster payment,Samual Angel,,General,-23.00,GBP,-23.00,GBP,Samual Angel,,,Samual Angel,,-23.00,
tx_0000B0r8WYMoPqePVyLN0j,03/12/2025,01:28:16,Pot transfer,Money Pot,,Transfers,20.00,GBP,20.00,GBP,,,,,,,20.00
tx_0000B0s2DGvWd19VgRKatG,03/12/2025,11:52:16,Card payment,ABLETON,💻,Entertainment,-134.00,GBP,-134.00,GBP,,,,ABLETON AG             BERLIN        DEU,,-134.00,
tx_0000B0shXOqiyiY0QoanhJ,03/12/2025,19:35:18,Card payment,Pizza Bun Order,🍎,Groceries,-11.66,GBP,-11.66,GBP,,56 Princess St,,Pizza Bun   *Order     Manchester    GBR,,-11.66,
tx_0000B0tDZpXFvcbacfllQa,04/12/2025,01:34:18,Pot transfer,Money Pot,,Transfers,20.00,GBP,20.00,GBP,,,,,,,20.00
tx_0000B0tUuUM1ZbGdKLiIEg,04/12/2025,04:48:31,Card payment,Microsoft Pc Game Pass,💻,Bills,-13.49,GBP,-13.49,GBP,,Thames Valley Park,,"Microsoft*PC Game Pass Reading, Berk GBR",,-13.49,
tx_0000B0udlDBr72o9BQvSr3,04/12/2025,18:02:24,Card payment,Apple,🍎 ,Entertainment,0.00,GBP,0.00,GBP,Active card check,Hollyhill Industrial Estate,,APPLE.COM/BILL         CORK          IRL,,0.00,
tx_0000B0vHhdEmKADIvl1QzB,05/12/2025,01:29:57,Pot transfer,Money Pot,,Transfers,20.00,GBP,20.00,GBP,,,,,,,20.00
tx_0000B0wZvSdOXFqAqvJlDe,05/12/2025,16:28:51,Bacs (Direct Credit),Deposit Protection Service,,Income,3665.61,GBP,3665.61,GBP,29989025,,,29989025,,,3665.61
tx_0000B0wa9Cqe1cvspNpYOn,05/12/2025,16:31:20,Faster payment,Seabhac Trant Moore,,General,-680.06,GBP,-680.06,GBP,Sent from Monzo,,,Sent from Monzo,,-680.06,
tx_0000B0waD1Kamr0S3pZz5V,05/12/2025,16:32:02,Monzo-to-Monzo,Suzanna Steward,,General,-680.06,GBP,-680.06,GBP,,,,,,-680.06,
tx_0000B0waFwV9CULABs8xgh,05/12/2025,16:32:33,Monzo-to-Monzo,Joseph Buckett,,General,-680.06,GBP,-680.06,GBP,,,,,,-680.06,
tx_0000B0weavwOsYO4EQxAWH,05/12/2025,17:21:10,Pot transfer,Savings Pot,,Savings,-1400.00,GBP,-1400.00,GBP,,,,,,-1400.00,
tx_0000B0wkt0Ia0yocgerBmV,05/12/2025,18:31:40,Card payment,Sainsbury’s,🍏,Groceries,-3.95,GBP,-3.95,GBP,,425 Brixton Road,,SAINSBURYS             LONDON        GBR,,-3.95,
tx_0000B0wnnFrjWYdH6EYgtv,05/12/2025,19:04:15,Card payment,Trinity Arms,🍸,General,-15.20,GBP,-15.20,GBP,,45 Trinity Gardens,,Trinity Arms           London        GBR,,-15.20,
tx_0000B0wsEk3fmD0afmDnNr,05/12/2025,19:54:02,Card payment,02 Academy Brixton,🍽,Eating out,-15.90,GBP,-15.90,GBP,,211 Stockwell Road,,02 ACADEMY BRIXTON     LONDON        GBR,,-15.90,
tx_0000B0wzFCnlblhcWCL6v5,05/12/2025,21:12:33,Card payment,The Bar Co,🎭,Shopping,-50.00,GBP,-50.00,GBP,,107 Osbaldeston Road,,SumUp  *The Bar Co     London        GBR,,-50.00,
tx_0000B0wzNffm9MTtWHp0YD,05/12/2025,21:14:05,Card payment,02 Academy Brixton,🍽,Eating out,-35.20,GBP,-35.20,GBP,,211 Stockwell Road,,02 ACADEMY BRIXTON     STOCKWELL     GBR,,-35.20,
tx_0000B0xHn4RQzp5iA4DSpX,06/12/2025,00:40:22,Card payment,Lezziz Express Charcoa,🍴,Eating out,-9.20,GBP,-9.20,GBP,,140 West End Lane,,Lezziz Express Charcoa London        GBR,,-9.20,
tx_0000B0xLoixsDVEAXWal4D,06/12/2025,01:25:29,Pot transfer,Money Pot,,Transfers,20.00,GBP,20.00,GBP,,,,,,,20.00
tx_0000B0xOVbKcfjPCdQeB7a,06/12/2025,01:55:38,Card payment,The Bar Co,🎭,Shopping,50.00,GBP,50.00,GBP,,107 Osbaldeston Road,,SumUp  *The Bar Co     London        GBR,,,50.00
tx_0000B0zQB3C8TFmxmm5Hbq,07/12/2025,01:23:45,Pot transfer,Money Pot,,Transfers,20.00,GBP,20.00,GBP,,,,,,,20.00
tx_0000B11UpySNmO1v64NAor,08/12/2025,01:25:24,Pot transfer,Money Pot,,Transfers,20.00,GBP,20.00,GBP,,,,,,,20.00
tx_0000B11pnTc3aG1jIpODOF,08/12/2025,05:20:15,monzo_paid,,,Bills,-17.00,GBP,-17.00,GBP,,,,Max,,-17.00,
tx_0000B12dNYvADkTYqlP0Dq,08/12/2025,14:35:49,Card payment,Kineya,🍜,Eating out,-11.80,GBP,-11.80,GBP,,,,Kineya Mugimaru        London        GBR,,-11.80,
tx_0000B13G0sfSX8oijvzdUS,08/12/2025,21:48:43,Card payment,Apple,🍎 ,Entertainment,-0.99,GBP,-0.99,GBP,,Hollyhill Estate,,APPLE.COM/BILL         CORK          IRL,,-0.99,
tx_0000B13aDeOitklzKXX0yn,09/12/2025,01:35:07,Pot transfer,Money Pot,,Transfers,20.00,GBP,20.00,GBP,,,,,,,20.00
tx_0000B14BzhOkk5LO4Yz576,09/12/2025,08:38:24,Card payment,Transport for London,🚆,Transport,-7.00,GBP,-7.00,GBP,"Travel charge for Tuesday, 9 Dec","Windsor House, 42-50 Victoria Street",,TfL Travel Charge      TFL.gov.uk/CP GBR,,-7.00,
tx_0000B14DkdVL8WoY9FqvQZ,09/12/2025,08:58:05,Card payment,WHSmith,📰,Groceries,-6.97,GBP,-6.97,GBP,,North Railway Station,,WH Smith Blackfriars   London        GBR,,-6.97,
tx_0000B14cSAp1XKu1n8FyvR,09/12/2025,13:34:52,Card payment,Kineya,🍜,Eating out,-13.35,GBP,-13.35,GBP,,,,Kineya Mugimaru        London        GBR,,-13.35,
tx_0000B14pFXmIAt2FqgsOtW,09/12/2025,15:58:15,Card payment,Bulk,💪,Shopping,-49.99,GBP,-49.99,GBP,,"Unit 1 Gunfleet Business Park, Brunel Way",,Bulk                   COLCHESTER    GBR,,-49.99,
tx_0000B14zIhtc0l8Qfv8iVY,09/12/2025,17:50:52,Card payment,Tesco,🍏 ,Groceries,-5.25,GBP,-5.25,GBP,,23-27 Heath Street,,TESCO STORES 5711      LONDON        GBR,,-5.25,
tx_0000B14zZVBgVxoueINRXm,09/12/2025,17:53:54,Card payment,Season Cookshop,🏠,Shopping,-10.99,GBP,-10.99,GBP,,166 West End Lane,,SP SEASON COOKSHOP     LONDON        GBR,,-10.99,
tx_0000B15FjhwDYt79FJKBQS,09/12/2025,20:55:02,Card payment,Apple,🍎 ,Entertainment,-6.99,GBP,-6.99,GBP,,Hollyhill Estate,,APPLE.COM/BILL         CORK          IRL,,-6.99,
tx_0000B15eL9IJDCsgDfWMoU,10/12/2025,01:30:43,Pot transfer,Money Pot,,Transfers,20.00,GBP,20.00,GBP,,,,,,,20.00
tx_0000B16uERrNa0x9SzSYLq,10/12/2025,16:03:30,Card payment,Londis,🛒,Groceries,-8.28,GBP,-8.28,GBP,,33 Mill Lane,,LONDIS                  GREAT BRITAI GBR,,-8.28,
tx_0000B17ibkC4ZpyGWPSC0a,11/12/2025,01:27:58,Pot transfer,Money Pot,,Transfers,20.00,GBP,20.00,GBP,,,,,,,20.00
tx_0000B18OL0cgR84WczbSyX,11/12/2025,09:15:33,Card payment,WHSmith,📰,Groceries,-5.49,GBP,-5.49,GBP,,North Railway Station,,WH Smith Blackfriars   London        GBR,,-5.49,
tx_0000B18n3lc7U6amPup9s1,11/12/2025,13:52:34,Card payment,Kineya,🍜,Eating out,-9.30,GBP,-9.30,GBP,,,,Kineya Mugimaru        London        GBR,,-9.30,
tx_0000B19DGdPdsxKwl884w8,11/12/2025,18:46:13,Card payment,Steam,🎮,Entertainment,-6.21,GBP,-6.21,GBP,,,,STEAMGAMES.COM 4259522 Hamburg       DEU,,-6.21,
tx_0000B19oznEptg3BOdogHU,12/12/2025,01:48:58,Pot transfer,Money Pot,,Transfers,20.00,GBP,20.00,GBP,,,,,,,20.00
tx_0000B1AdcDYDVkBJClabr9,12/12/2025,11:16:09,Faster payment,James Angel,,Transfers,-56.62,GBP,-56.62,GBP,Sent from Monzo,,,Sent from Monzo,,-56.62,
tx_0000B1AyfqzPQxc0HVGcfk,12/12/2025,15:12:07,Card payment,Transport for London,🚆,Transport,-7.00,GBP,-7.00,GBP,"Travel charge for Thursday, 11 Dec",50 Victoria Street,,TFL TRAVEL CH\VICTORIA STREET\TFL.GOV.UK/CP\SW1H 0TL     GBR,,-7.00,
tx_0000B1AzOPKV7RC5LMtLgw,12/12/2025,15:20:10,Card payment,Sainsbury’s,🍏,Groceries,-3.95,GBP,-3.95,GBP,,255 Finchley Road,,SAINSBURYS PLC         LONDON        GBR,,-3.95,
tx_0000B1B9iPPnVgqc08N9px,12/12/2025,17:15:50,Card payment,Sainsbury’s,🍏,Groceries,-9.74,GBP,-9.74,GBP,,255 Finchley Road,,SAINSBURYS PLC         LONDON        GBR,,-9.74,
tx_0000B1BqnQtTjfwjVH8Elt,13/12/2025,01:18:34,Pot transfer,Money Pot,,Transfers,20.00,GBP,20.00,GBP,,,,,,,20.00
tx_0000B1CjoecVgLYkZpQQ8h,13/12/2025,11:35:03,Card payment,Uber Eats,🍽,Eating out,-18.09,GBP,-18.09,GBP,,Aldgate Tower First Floor,,UBER   * EATS PENDING  London        GBR,,-18.09,
tx_0000B1D3mG7lmgVUWU8WG2,13/12/2025,15:18:43,Card payment,Hell Razor,✂️,General,-31.50,GBP,-31.50,GBP,,132 West End Lane,,HELL RAZOR             LONDON        GBR,,-31.50,
tx_0000B1DEO77KifTYrjgf22,13/12/2025,17:17:37,Card payment,Sainsbury’s,🍏,Groceries,-6.30,GBP,-6.30,GBP,,255 Finchley Road,,SAINSBURYS PLC         LONDON        GBR,,-6.30,
tx_0000B1DNtnzgFprAKvQWod,13/12/2025,19:04:11,Card payment,M&S,🛍 ,Shopping,-11.10,GBP,-11.10,GBP,,King's Boulevard,,M&S SIMPLY FOOD - SSP  ST PANCRAS MA GBR,,-11.10,
tx_0000B1DeojHg2J0xBkvhOF,13/12/2025,22:13:45,Card payment,Angel Food & Wine (Gos,🍎,Groceries,-15.95,GBP,-15.95,GBP,,347-349 Goswell Road,,ANGEL FOOD & WINE (GOS LONDON  EC1V  GBR,,-15.95,
tx_0000B1DyLiHgfmPKBJDWyI,14/12/2025,01:52:37,Pot transfer,Money Pot,,Transfers,20.00,GBP,20.00,GBP,,,,,,,20.00
tx_0000B1DzLG0FvBIP0yZKNu,14/12/2025,02:03:44,Card payment,Uber,🚖,Transport,-28.94,GBP,-28.94,GBP,,Aldgate Tower First Floor,,UBR* PENDING.UBER.COM  London        GBR,,-28.94,
tx_0000B1DzoaC9vXs5TqtMMl,14/12/2025,02:09:02,Card payment,Uber,🚖,Transport,28.94,GBP,28.94,GBP,,Aldgate Tower First Floor,,UBR* PENDING.UBER.COM  London        GBR,,,28.94
tx_0000B1DzrWGiyvP28XUsvx,14/12/2025,02:09:34,Card payment,Uber,🚖,Transport,-32.93,GBP,-32.93,GBP,,Aldgate Tower First Floor,,UBR* PENDING.UBER.COM  London        GBR,,-32.93,
tx_0000B1EBWhLzltynsvnhaM,14/12/2025,04:20:16,Card payment,Transport for London,🚆,Transport,-2.90,GBP,-2.90,GBP,"Travel charge for Saturday, 13 Dec","Windsor House, 42-50 Victoria Street",,TfL Travel Charge      TFL.gov.uk/CP GBR,,-2.90,
tx_0000B1Esp169OfyUdGHY1e,14/12/2025,12:25:23,Card payment,House Of Books West Ha,📚,Entertainment,-13.79,GBP,-13.79,GBP,,184 West End Lane,,HOUSE OF BOOKS WEST HA LONDON        GBR,,-13.79,
tx_0000B1EtDMHgHOISzJs8vr,14/12/2025,12:29:47,Card payment,Season Cookshop,🏠,Shopping,-15.00,GBP,-15.00,GBP,,166 West End Lane,,SP SEASON COOKSHOP     LONDON        GBR,,-15.00,
tx_0000B1F7QNXcJewxjAwn5O,14/12/2025,15:09:01,Pot transfer,Bills Pot,,Transfers,27.35,GBP,27.35,GBP,,,,,,,27.35
tx_0000B1FWCBVUlA9LtOjKiM,14/12/2025,19:46:34,Card payment,Uber,🚖,Transport,0.00,GBP,0.00,GBP,Active card check,Aldgate Tower First Floor,,Uber UK Rides          London        GBR,,0.00,
tx_0000B1FWGqNKkoL9nm8OcE,14/12/2025,19:47:25,Card payment,Uber Eats,🍽,Eating out,-16.94,GBP,-16.94,GBP,,Aldgate Tower First Floor,,UBER   * EATS PENDING  London        GBR,,-16.94,
tx_0000B1G0qIYIyw8gTwrQW1,15/12/2025,01:29:58,Pot transfer,Money Pot,,Transfers,20.00,GBP,20.00,GBP,,,,,,,20.00
tx_0000B1GmvBDEUjCo8KE6Iz,15/12/2025,10:28:42,Card payment,Londis,🛒,Groceries,-12.08,GBP,-12.08,GBP,,33 Mill Lane,,LONDIS                  GREAT BRITAI GBR,,-12.08,
tx_0000B1Gp8PT10X8Q132q73,15/12/2025,10:53:30,Card payment,Transport for London,🚆,Transport,-14.80,GBP,-14.80,GBP,"Travel charge for Sunday, 14 Dec",50 Victoria Street,,TFL TRAVEL CH\VICTORIA STREET\TFL.GOV.UK/CP\SW1H 0TL     GBR,,-14.80,
tx_0000B1I5BzTPO03uuLqmfa,16/12/2025,01:28:08,Pot transfer,Money Pot,,Transfers,20.00,GBP,20.00,GBP,,,,,,,20.00
tx_0000B1IkECu4WLPQ4F5lWz,16/12/2025,09:07:57,Card payment,WHSmith,📰,Groceries,-5.49,GBP,-5.49,GBP,,North Railway Station,,WH Smith Blackfriars   London        GBR,,-5.49,
tx_0000B1J2krZwcm7xr1nwCA,16/12/2025,12:35:32,Card payment,Apple,🍎 ,Entertainment,-15.99,GBP,-15.99,GBP,,Hollyhill Estate,,APPLE.COM/BILL         CORK          IRL,,-15.99,
tx_0000B1JA4qmZzeyRE5G9XH,16/12/2025,13:57:35,Card payment,Kineya,🍜,Eating out,-13.55,GBP,-13.55,GBP,,,,Kineya Mugimaru        London        GBR,,-13.55,
tx_0000B1JZ6v6dO6J0v248Qw,16/12/2025,18:38:05,Card payment,Tesco,🍏 ,Groceries,-5.75,GBP,-5.75,GBP,,23-27 Heath Street,,TESCO STORES 5711      LONDON        GBR,,-5.75,
tx_0000B1KA9n0ReiMILD9RHG,17/12/2025,01:33:11,Pot transfer,Money Pot,,Transfers,20.00,GBP,20.00,GBP,,,,,,,20.00
tx_0000B1KTU5IfFP7w0142Gg,17/12/2025,05:09:45,Card payment,Transport for London,🚆,Transport,-7.00,GBP,-7.00,GBP,"Travel charge for Tuesday, 16 Dec","Windsor House, 42-50 Victoria Street",,TfL Travel Charge      TFL.gov.uk/CP GBR,,-7.00,
tx_0000B1LGMtvs0do1om9nAP,17/12/2025,14:17:30,Card payment,Londis,🛒,Groceries,-5.09,GBP,-5.09,GBP,,33 Mill Lane,,LONDIS                  GREAT BRITAI GBR,,-5.09,
tx_0000B1Lk4deKo6bLWUJ0Ka,17/12/2025,19:50:21,Card payment,Pizza Bun Order,🍎,Groceries,-22.82,GBP,-22.82,GBP,,56 Princess St,,Pizza Bun   *Order     Manchester    GBR,,-22.82,
tx_0000B1LoxfRsDfY0L3nx4L,17/12/2025,20:45:07,Monzo-to-Monzo,Michael Degroot,,General,15.00,GBP,15.00,GBP,,,,,,,15.00
tx_0000B1LqWT04ats4I0nuj8,17/12/2025,21:02:36,Pot transfer,Gym Pot,,Transfers,96.00,GBP,96.00,GBP,,,,,,,96.00
tx_0000B1MEIHtTUMI1zkxZS6,18/12/2025,01:28:58,Pot transfer,Money Pot,,Transfers,20.00,GBP,20.00,GBP,,,,,,,20.00
tx_0000B1Mt22Cm9CW6e1MeV1,18/12/2025,09:05:26,Card payment,WHSmith,📰,Groceries,-5.49,GBP,-5.49,GBP,,North Railway Station,,WH Smith Blackfriars   London        GBR,,-5.49,
tx_0000B1NFxlM79ICsM3elRB,18/12/2025,13:22:23,Card payment,Muji Covent Garden,🛍,Shopping,-16.65,GBP,-16.65,GBP,,37-38 Long Acre,,MUJI COVENT GARDEN     London        GBR,,-16.65,
tx_0000B1NHLhS1Pz1FzYmn46,18/12/2025,13:37:55,Card payment,Wasabi Thestrand,🍽,Eating out,-7.95,GBP,-7.95,GBP,,388 Strand,,Wasabi_TheStrand       London        GBR,,-7.95,
tx_0000B1NhGpRYs7lPkzaVmv,18/12/2025,18:28:21,Card payment,Five Guys,🍔,Eating out,-16.40,GBP,-16.40,GBP,,160 West End Lane,,FIVE GUYS WEST HAMPSTE London        GBR,,-16.40,
tx_0000B1OHPg7SVO19nZk2uA,19/12/2025,01:13:20,Faster payment,Darktrace Holdings Ltd,,Income,3746.67,GBP,3746.67,GBP,00010033304,,,00010033304,,,3746.67
tx_0000B1OINyI04vIPefTYVH,19/12/2025,01:24:14,Pot transfer,Money Pot,,Transfers,20.00,GBP,20.00,GBP,,,,,,,20.00
tx_0000B1P5cGRUHJs37UcfFi,19/12/2025,10:35:08,Pot transfer,Rent Pot,,Transfers,-1349.00,GBP,-1349.00,GBP,,,,,,-1349.00,
tx_0000B1P5cq8FaK2HRIVY1r,19/12/2025,10:35:27,Pot transfer,Gym Pot,,Transfers,-96.00,GBP,-96.00,GBP,,,,,,-96.00,
tx_0000B1P5dOIMZDuapSglwh,19/12/2025,10:35:40,Pot transfer,Bills Pot,,Transfers,-200.00,GBP,-200.00,GBP,,,,,,-200.00,
tx_0000B1P5fanb36y1ajVTnN,19/12/2025,10:36:21,Pot transfer,My Bills Pot,,Transfers,-820.00,GBP,-820.00,GBP,,,,,,-820.00,
tx_0000B1P5g90Bsnqg8h2ig6,19/12/2025,10:36:33,Pot transfer,Investments Pot,,Transfers,-1000.00,GBP,-1000.00,GBP,,,,,,-1000.00,
tx_0000B1P8aNhSci3lo6m58U,19/12/2025,11:09:08,Card payment,Transport for London,🚆,Transport,-7.00,GBP,-7.00,GBP,"Travel charge for Thursday, 18 Dec",50 Victoria Street,,TFL TRAVEL CH\VICTORIA STREET\TFL.GOV.UK/CP\SW1H 0TL     GBR,,-7.00,
tx_0000B1PGkQS234UkKCFxqv,19/12/2025,12:40:36,Card payment,Sainsbury’s,🍏,Groceries,-0.16,GBP,-0.16,GBP,,255 Finchley Road,,SAINSBURYS   FINCHLEY  LONDON        GBR,,-0.16,
tx_0000B1PQnAnHiXRMeGIcSo,19/12/2025,14:33:08,Card payment,Sainsbury’s,🍏,Groceries,-3.95,GBP,-3.95,GBP,,255 Finchley Road,,SAINSBURYS - FINCHLEY  LONDON        GBR,,-3.95,
tx_0000B1Q6yIiQnir051RSYz,19/12/2025,22:25:46,Card payment,Persepolis Ta Janex,🍽,Eating out,-25.71,GBP,-25.71,GBP,,28-30 Peckham High Street,,PERSEPOLIS TA JANEX    LONDON        GBR,,-25.71,
tx_0000B1Q8jRvsRz6aE4Eufd,19/12/2025,22:45:29,Card payment,Nags Head Peck - 23643,🍽,Eating out,-6.75,GBP,-6.75,GBP,,231 Rye Lane,,Nags Head Peck - 23643 London        GBR,,-6.75,
tx_0000B1Q8te7lyaW9mijWj5,19/12/2025,22:47:20,Card payment,Nags Head Peck - 23643,🍽,Eating out,-10.00,GBP,-10.00,GBP,,231 Rye Lane,,Nags Head Peck - 23643 London        GBR,,-10.00,
tx_0000B1QBbpBWPm1LtM9Om9,19/12/2025,23:17:44,Card payment,Nags Head Peck - 23643,🍽,Eating out,-6.75,GBP,-6.75,GBP,,231 Rye Lane,,Nags Head Peck - 23643 London        GBR,,-6.75,
tx_0000B1QNIVH1Q2he57jsLj,20/12/2025,01:28:42,Pot transfer,Money Pot,,Transfers,20.00,GBP,20.00,GBP,,,,,,,20.00
tx_0000B1QR1LF5rRTSiOyc7N,20/12/2025,02:10:25,Card payment,Trouble Man Pr,🎺,Entertainment,-45.00,GBP,-45.00,GBP,,4 5 Elephant Road  London,,Zettle_*Trouble Man Pr London        GBR,,-45.00,
tx_0000B1QUzoUMYKOIese4x8,20/12/2025,02:54:57,Card payment,Uber,🚖,Transport,-35.92,GBP,-35.92,GBP,,Aldgate Tower First Floor,,UBER   * PENDING       London        GBR,,-35.92,
tx_0000B1QV9VkR5LV3Xtvyx3,20/12/2025,02:56:43,Card payment,Bolt,🚖,Transport,-31.17,GBP,-31.17,GBP,,Studio 4 114 Power Road,,BOLT.EUO2512200256     London        GBR,,-31.17,
tx_0000B1QVSxyINJgZfImIAD,20/12/2025,03:00:14,Card payment,Uber,🚖,Transport,35.92,GBP,35.92,GBP,,Aldgate Tower First Floor,,UBER   * PENDING       London        GBR,,,35.92
tx_0000B1REQG1fHxa3t5rm2z,20/12/2025,11:23:58,Card payment,Transport for London,🚆,Transport,-3.50,GBP,-3.50,GBP,"Travel charge for Friday, 19 Dec",50 Victoria Street,,TFL TRAVEL CH\VICTORIA STREET\TFL.GOV.UK/CP\SW1H 0TL     GBR,,-3.50,
tx_0000B1S45DrJLUp8JYyRoP,20/12/2025,21:02:49,Monzo-to-Monzo,Joseph Buckett,,General,30.00,GBP,30.00,GBP,,,,,,,30.00
tx_0000B1SR6fV2MTcqVK7mPB,21/12/2025,01:20:48,Pot transfer,Money Pot,,Transfers,20.00,GBP,20.00,GBP,,,,,,,20.00
tx_0000B1TLdcNCbK2GatmbfF,21/12/2025,11:54:14,Faster payment,ANGEL J R,,Transfers,20001.00,GBP,20001.00,GBP,Monzo-YTYNN,,,Monzo-YTYNN,,,20001.00
tx_0000B1TLiI7zIfRBgch3Wj,21/12/2025,11:55:05,Pot transfer,Savings Pot,,Savings,-20000.00,GBP,-20000.00,GBP,,,,,,-20000.00,
tx_0000B1TnWt8OgMyZVmZRic,21/12/2025,17:06:46,Card payment,West Nine Food & Wine,🍎,Groceries,-4.98,GBP,-4.98,GBP,,124 West End Lane,,WEST NINE FOOD AND WIN LONDON        GBR,,-4.98,
tx_0000B1UW0lKudU4Fatfiao,22/12/2025,01:25:11,Pot transfer,Money Pot,,Transfers,20.00,GBP,20.00,GBP,,,,,,,20.00
tx_0000B1UbdPXk5xvK8UJq1i,22/12/2025,02:28:11,Card payment,Bulk,💪,Shopping,49.99,GBP,49.99,GBP,,"Unit 1 Gunfleet Business Park, Brunel Way",,"Bulk\Unit 1 Gunfleet Business Park, Brunel Way\COLCHESTER\CO4 9QX   GBRGBR",,,49.99
tx_0000B1VFu3ASXK3NDbQwb5,22/12/2025,09:59:24,Card payment,Formnutrition.com,🍎,Shopping,-33.00,GBP,-33.00,GBP,,Great Western Studios65 Alfred Road,,FORMNUTRITION.COM      LONDON        GBR,,-33.00,
tx_0000B1VIxHn4vQ5vhnY6Eb,22/12/2025,10:33:36,Card payment,Ticketmaster,🎭,Entertainment,-245.95,GBP,-245.95,GBP,,2nd Floor Regent Arcade House                ,,TM *TICKETMASTERUK     London        GBR,,-245.95,
tx_0000B1Vbo8DJ3qPwennVCM,22/12/2025,14:04:50,Card payment,West Nine Food & Wine,🍎,Groceries,-4.98,GBP,-4.98,GBP,,124 West End Lane,,WEST NINE FOOD AND WIN LONDON        GBR,,-4.98,
tx_0000B1VkKZoKn2PflpBn2B,22/12/2025,15:40:20,Card payment,Season Cookshop,🏠,Shopping,-25.00,GBP,-25.00,GBP,,166 West End Lane,,SP SEASON COOKSHOP     LONDON        GBR,,-25.00,
tx_0000B1WaTexiCbebxQJEK9,23/12/2025,01:24:39,Pot transfer,Money Pot,,Transfers,20.00,GBP,20.00,GBP,,,,,,,20.00
tx_0000B1WnyaLwghMSW4SEl8,23/12/2025,03:55:54,Card payment,Transport for London,🚆,Transport,-12.80,GBP,-12.80,GBP,"Travel charge for Monday, 22 Dec","Windsor House, 42-50 Victoria Street",,TfL Travel Charge      TFL.gov.uk/CP GBR,,-12.80,
tx_0000B1XU8C7bpVbQKq0sl8,23/12/2025,11:48:15,Pot transfer,Savings Pot,,Savings,250.00,GBP,250.00,GBP,,,,,,,250.00
tx_0000B1XUFE6cqpp78Tc8CR,23/12/2025,11:49:31,Monzo-to-Monzo,Michael Degroot,,General,-43.50,GBP,-43.50,GBP,,,,,,-43.50,
tx_0000B1Xj5Ffdg3TsVlhYqf,23/12/2025,14:35:47,Card payment,Sainsbury's Petrol,⛽️,Transport,-6.00,GBP,-6.00,GBP,,185 Marshalswick Lane,,SAINSBURYS - MARSHALSW ST ALBANS     GBR,,-6.00,
tx_0000B1YfJBFmgutVtbT8fi,24/12/2025,01:28:12,Pot transfer,Money Pot,,Transfers,20.00,GBP,20.00,GBP,,,,,,,20.00
tx_0000B1aEzlvCRSXyqLXq7t,24/12/2025,19:42:47,Card payment,ODEON,🎥,Entertainment,-3.50,GBP,-3.50,GBP,,Comet Way,,Odeon Hatfield         Hatfield      GBR,,-3.50,
tx_0000B1ajRX2SMop9uVOOyg,25/12/2025,01:23:57,Pot transfer,Money Pot,,Transfers,20.00,GBP,20.00,GBP,,,,,,,20.00
tx_0000B1eLR1pEnQg40WZAnK,26/12/2025,19:13:47,Card payment,Manual,💊,General,-33.95,GBP,-33.95,GBP,,"2 Underwood Row, London",,Manual                 London        GBR,,-33.95,
tx_0000B1fHZEO1lz8oJAPRhp,27/12/2025,06:05:09,Faster payment,MICHAEL DEGROOT,,Income,960.00,GBP,960.00,GBP,R22b rent,,,R22b rent,,,960.00
tx_0000B1faGYgNzEgpCrV3MA,27/12/2025,09:34:41,Pot transfer,Rent Pot,,Transfers,-960.00,GBP,-960.00,GBP,,,,,,-960.00,
tx_0000B1ffKHu4oRVI1zJc5R,27/12/2025,10:31:22,Card payment,Apple,🍎 ,Entertainment,0.00,GBP,0.00,GBP,Active card check,Hollyhill Estate,,APPLE.COM/BILL         CORK          IRL,,0.00,
tx_0000B1gNuNIGe4c6pW0HRL,27/12/2025,18:50:55,Faster payment,ANGELTHOMAS,,Income,20.00,GBP,20.00,GBP,Eileen,,,Eileen,,,20.00
tx_0000B1ijL41WsxXCRTJwJe,28/12/2025,22:00:28,Bank transfer,Joseph Buckett,,Income,1158.00,GBP,1158.00,GBP,Rent,,,Rent,,,1158.00
tx_0000B1ijW1BFnRGebZQxHt,28/12/2025,22:02:27,Pot transfer,Rent Pot,,Transfers,-1158.00,GBP,-1158.00,GBP,,,,,,-1158.00,
tx_0000B1jrbKHlBZCn9PBqzM,29/12/2025,11:07:46,Pot transfer,My Bills Pot,,Transfers,650.00,GBP,650.00,GBP,,,,,,,650.00
tx_0000B1jrcwOcyb4uuDnnnO,29/12/2025,11:08:03,Pot transfer,Money Pot,,Transfers,-600.00,GBP,-600.00,GBP,,,,,,-600.00,
tx_0000B1jrfDPChti46pyQ4J,29/12/2025,11:08:28,Pot transfer,Money Pot,,Transfers,-40.00,GBP,-40.00,GBP,,,,,,-40.00,
tx_0000B1kct58kvhJWNIOUpo,29/12/2025,19:57:36,Card payment,Uber Eats,🍽,Eating out,-22.24,GBP,-22.24,GBP,,Aldgate Tower First Floor,,UBER   * EATS PENDING  London        GBR,,-22.24,
tx_0000B1l5rdL7hek4HZVSEM,30/12/2025,01:22:17,Pot transfer,Money Pot,,Transfers,20.00,GBP,20.00,GBP,,,,,,,20.00
tx_0000B1lEiQHhlufUv2ndSh,30/12/2025,03:01:28,Pot transfer,Bills Pot,,Transfers,23.68,GBP,23.68,GBP,,,,,,,23.68
tx_0000B1lEiQa8fNPhqDQMC2,30/12/2025,03:01:28,Direct Debit,O2,,Bills,-23.68,GBP,-23.68,GBP,D20535255,,,D20535255,,-23.68,
tx_0000B1ls196LmL5RNPgMbJ,30/12/2025,10:21:51,Card payment,Prep Kitchen,🍎,Groceries,-41.25,GBP,-41.25,GBP,,Court Lodge Farm Dale Road  Southfleet,,Prep Kitchen           GRAVESEND     GBR,,-41.25,
tx_0000B1ltmxqV1voq4F36u2,30/12/2025,10:41:42,Card payment,Formnutrition.com,🍎,Shopping,-60.80,GBP,-60.80,GBP,,Great Western Studios65 Alfred Road,,FORMNUTRITION.COM      LONDON        GBR,,-60.80,
tx_0000B1lyL4d8iAvVRb5iHl,30/12/2025,11:32:41,Card payment,Mill Lane (West Hampst,🦷,General,-27.40,GBP,-27.40,GBP,,Mill Lane,,MILL LANE (WEST HAMPST London        GBR,,-27.40,
tx_0000B1lyXDCafS0BsKCfMf,30/12/2025,11:34:53,Card payment,Londis,🛒,Groceries,-3.99,GBP,-3.99,GBP,,33 Mill Lane,,LONDIS                  GREAT BRITAI GBR,,-3.99,
tx_0000B1mCOR2xDszbliCPcg,30/12/2025,14:10:10,Card payment,Sainsbury’s,🍏,Groceries,-3.95,GBP,-3.95,GBP,,255 Finchley Road,,SAINSBURYS PLC         LONDON        GBR,,-3.95,
tx_0000B1mD3skj7M9yznttKM,30/12/2025,14:17:39,Card payment,West Nine Food & Wine,🍎,Groceries,-2.49,GBP,-2.49,GBP,,124 West End Lane,,WEST NINE FOOD AND WIN LONDON        GBR,,-2.49,
tx_0000B1mYSNE5ZDgpzzmC9t,30/12/2025,18:17:23,Card payment,Steam,🎮,Entertainment,-14.11,GBP,-14.11,GBP,,Rodingsmarkt 9,,Steam Purchase         Hamburg       DEU,,-14.11,
tx_0000B1nAfGAQv6AH77YyUE,31/12/2025,01:25:30,Pot transfer,Money Pot,,Transfers,20.00,GBP,20.00,GBP,,,,,,,20.00
tx_0000B1nJenyGeUgHVyv9Qy,31/12/2025,03:06:16,Pot transfer,Gym Pot,,Transfers,96.00,GBP,96.00,GBP,,,,,,,96.00
tx_0000B1nJeoFdbuGO5socgG,31/12/2025,03:06:16,Direct Debit,Virgin Active,,Entertainment,-96.00,GBP,-96.00,GBP,006800150823010015,,,006800150823010015,,-96.00,
tx_0000B1oGYhTPn8zxkjQvlx,31/12/2025,14:06:15,Card payment,Cherry Tree Flackwell,🍽,Eating out,-6.50,GBP,-6.50,GBP,,5 Straight Bit,,CHERRY TREE FLACKWELL  HIGH WYCOMBE  GBR,,-6.50,
tx_0000B1oKiGwzer8gu8XC3W,31/12/2025,14:52:48,Card payment,Cherry Tree Flackwell,🍽,Eating out,-21.00,GBP,-21.00,GBP,,5 Straight Bit,,CHERRY TREE FLACKWELL  HIGH WYCOMBE  GBR,,-21.00,
tx_0000B1oapxGsJ7lcAc2Ou5,31/12/2025,17:53:28,Faster payment,Sarah Gregory,,General,-35.00,GBP,-35.00,GBP,New years shop,,,New years shop,,-35.00,
tx_0000B1pHFaRM0kV7mVmb7D,01/01/2026,01:48:43,Pot transfer,Money Pot,,Transfers,20.00,GBP,20.00,GBP,,,,,,,20.00
tx_0000B1pHFdLRDDMpMvuykU,01/01/2026,01:48:44,Pot transfer,Rent Pot,,Transfers,3467.00,GBP,3467.00,GBP,,,,,,,3467.00
tx_0000B1pHFjbFxJaMljMhEo,01/01/2026,01:48:44,Faster payment,Joe Crosby,,General,-3467.00,GBP,-3467.00,GBP,Joe Crosby,,,Joe Crosby,,-3467.00,
tx_0000B1pa7fyfRDvV0FGbNn,01/01/2026,05:20:11,overdraft,,,General,-1.87,GBP,-1.87,GBP,This is the charge for your December 2025 overdraft,,,December overdraft fees,,-1.87,
tx_0000B1q2HdgRcRR481NYVX,01/01/2026,10:35:44,Card payment,Transport for London,🚆,Transport,-2.40,GBP,-2.40,GBP,"Travel charge for Wednesday, 31 Dec",50 Victoria Street,,TFL TRAVEL CH\VICTORIA STREET\TFL.GOV.UK/CP\SW1H 0TL     GBR,,-2.40,
tx_0000B1qg2poyCqZqaIxTcH,01/01/2026,18:01:15,Card payment,Uber Eats,🍽,Eating out,-17.50,GBP,-17.50,GBP,,Aldgate Tower First Floor,,UBER   * EATS PENDING  London        GBR,,-17.50,
tx_0000B1rJxa0pYFM64EgC5B,02/01/2026,01:28:30,Pot transfer,Money Pot,,Transfers,20.00,GBP,20.00,GBP,,,,,,,20.00
tx_0000B1rV08VpLpzD1F77Ef,02/01/2026,03:32:13,Direct Debit,Thames Water,,Bills,-93.00,GBP,-93.00,GBP,900092499220,,,900092499220,,-93.00,
tx_0000B1ra1YzWt6g7KFzak5,02/01/2026,04:27:46,Pot transfer,Investments Pot,,Transfers,1000.00,GBP,1000.00,GBP,,,,,,,1000.00
tx_0000B1ra1yuSWZc0LWgNRB,02/01/2026,04:27:46,Direct Debit,Fidelity,,Bills,-1000.00,GBP,-1000.00,GBP,AS10162900,,,AS10162900,,-1000.00,
tx_0000B1rbUt9D7vBEHB6LDe,02/01/2026,04:45:01,Direct Debit,Octopus Energy,,Bills,-138.23,GBP,-138.23,GBP,J2SSTZW,,,J2SSTZW,,-138.23,
tx_0000B1rbnaBlq3sxt3VbYP,02/01/2026,04:48:23,Pot transfer,My Bills Pot,,Transfers,160.83,GBP,160.83,GBP,,,,,,,160.83
tx_0000B1rbnaSQq7G0MbpxGz,02/01/2026,04:48:23,Direct Debit,Tabeo,,Bills,-160.83,GBP,-160.83,GBP,S8E6B4B-796040-SMI,,,S8E6B4B-796040-SMI,,-160.83,
tx_0000B1s2oW7n8GbICPtlKM,02/01/2026,09:51:05,Card payment,Transport for London,🚆,Transport,-2.40,GBP,-2.40,GBP,"Travel charge for Thursday, 1 Jan",50 Victoria Street,,TFL TRAVEL CH\VICTORIA STREET\TFL.GOV.UK/CP\SW1H 0TL     GBR,,-2.40,
tx_0000B1sDH70ma1w7OSz35g,02/01/2026,11:48:18,Pot transfer,Bills Pot,,Transfers,176.32,GBP,176.32,GBP,,,,,,,176.32
tx_0000B1sDK9NIFbK7DwiTLN,02/01/2026,11:48:51,Pot transfer,My Bills Pot,,Transfers,9.17,GBP,9.17,GBP,,,,,,,9.17
tx_0000B1sDNG9pUMZM7NqsHT,02/01/2026,11:49:25,Faster payment,ANGEL J R,,Transfers,60.00,GBP,60.00,GBP,Monzo-YTYNN,,,Monzo-YTYNN,,,60.00
tx_0000B1sUTNRozlgWv73mbJ,02/01/2026,15:01:01,Card payment,Tesco,🍏 ,Groceries,-28.67,GBP,-28.67,GBP,,23-27 Heath Street,,TESCO STORES 5711      LONDON        GBR,,-28.67,
tx_0000B1syw1ljfllSElq67g,02/01/2026,20:42:20,Monzo-to-Monzo,Michael Degroot,,General,69.24,GBP,69.24,GBP,,,,,,,69.24
tx_0000B1tNg3fZKwGbYYEndS,03/01/2026,01:19:35,Pot transfer,Money Pot,,Transfers,20.00,GBP,20.00,GBP,,,,,,,20.00
tx_0000B1uKb0ielx6Ss00sC1,03/01/2026,12:19:46,Card payment,Vinted,👕,Shopping,-40.60,GBP,-40.60,GBP,,5 New Street Square,,Vinted                 Vilnius       GBR,,-40.60,
tx_0000B1utvNr1xn2OleYB5J,03/01/2026,18:55:37,Card payment,Uber Payments UK,🍽,Eating out,-17.50,GBP,-17.50,GBP,,2 Leman Street,,Uber Payments UK       London        GBR,,-17.50,
tx_0000B1vUjwVF0mivtVRYOq,04/01/2026,01:48:08,Pot transfer,Money Pot,,Transfers,20.00,GBP,20.00,GBP,,,,,,,20.00
tx_0000B1wEmxu4rAfua74zBJ,04/01/2026,10:24:07,Card payment,Hell Razor,✂️,General,-30.00,GBP,-30.00,GBP,,132 West End Lane,,HELL RAZOR             LONDON        GBR,,-30.00,
tx_0000B1wQY1tGwwJ2xCiCzC,04/01/2026,12:35:53,Card payment,Sainsbury’s,🍏,Groceries,-6.17,GBP,-6.17,GBP,,255 Finchley Road,,SAINSBURYS PLC         LONDON        GBR,,-6.17,
tx_0000B1wRF1KMv0gpGFumHs,04/01/2026,12:43:39,Card payment,West Nine Food & Wine,🍎,Groceries,-2.49,GBP,-2.49,GBP,,124 West End Lane,,WEST NINE FOOD AND WIN LONDON        GBR,,-2.49,
tx_0000B1wwHgCr04Nz7M79mr,04/01/2026,18:31:29,Faster payment,Sarah Gregory,,General,-22.50,GBP,-22.50,GBP,Sent from Monzo,,,Sent from Monzo,,-22.50,
tx_0000B1xXF8yxFhv70NEhbX,05/01/2026,01:25:37,Pot transfer,Money Pot,,Transfers,20.00,GBP,20.00,GBP,,,,,,,20.00
tx_0000B1yBVsbtNAgICI33jC,05/01/2026,08:56:50,Card payment,Transport for London,🚆,Transport,-7.00,GBP,-7.00,GBP,"Travel charge for Monday, 5 Jan","Windsor House, 42-50 Victoria Street",,TfL Travel Charge      TFL.gov.uk/CP GBR,,-7.00,
tx_0000B1yYfT8fE9mhCvfMwL,05/01/2026,13:16:17,Card payment,Kineya,🍜,Eating out,-9.50,GBP,-9.50,GBP,,,,Kineya Mugimaru        London        GBR,,-9.50,
tx_0000B1yxpZ0EmGVWl2gSXZ,05/01/2026,17:58:14,Card payment,Tesco,🍏 ,Groceries,-5.40,GBP,-5.40,GBP,,23-27 Heath Street,,TESCO STORES 5711      LONDON        GBR,,-5.40,
tx_0000B1zd0MMiCSsr5afN4N,06/01/2026,01:39:35,Pot transfer,Money Pot,,Transfers,20.00,GBP,20.00,GBP,,,,,,,20.00
tx_0000B20dpKo3ww8EId7iK2,06/01/2026,13:23:31,Card payment,Break Point Partnershi,🍎,Groceries,-3.69,GBP,-3.69,GBP,,77 The Strand,,BREAK POINT PARTNERSHI LONDON        GBR,,-3.69,
tx_0000B20yRC9iYkKuoXl4RH,06/01/2026,17:14:28,Card payment,Vinted,👕,Shopping,-34.95,GBP,-34.95,GBP,,5 New Street Square,,Vinted                 Vilnius       GBR,,-34.95,
tx_0000B21AGdL0M77LvEA6Ne,06/01/2026,19:27:01,Pot transfer,Savings Pot,,Savings,141.73,GBP,141.73,GBP,,,,,,,141.73
tx_0000B21AIBciMsGycn3FR4,06/01/2026,19:27:17,Card payment,Deliveroo,🍝🦘,Eating out,-50.54,GBP,-50.54,GBP,,1 Cousin Lane,,DELIVEROO              LONDON        GBR,,-50.54,
tx_0000B21hZhuMstMcfv5XNb,07/01/2026,01:40:13,Pot transfer,Money Pot,,Transfers,20.00,GBP,20.00,GBP,,,,,,,20.00
tx_0000B22SiDjn7gObYRhcCh,07/01/2026,10:28:24,Card payment,Transport for London,🚆,Transport,-7.00,GBP,-7.00,GBP,"Travel charge for Tuesday, 6 Jan",50 Victoria Street,,TFL TRAVEL CH\VICTORIA STREET\TFL.GOV.UK/CP\SW1H 0TL     GBR,,-7.00,
tx_0000B22kSUSQzMOYwZ5y3F,07/01/2026,13:47:15,Card payment,West Nine Food & Wine,🍎,Groceries,-2.49,GBP,-2.49,GBP,,124 West End Lane,,WEST NINE FOOD AND WIN LONDON        GBR,,-2.49,
tx_0000B23khaDM3tHNJCKuCv,08/01/2026,01:24:41,Pot transfer,Money Pot,,Transfers,20.00,GBP,20.00,GBP,,,,,,,20.00
tx_0000B2441ilrr8k6B872u6,08/01/2026,05:01:13,monzo_paid,,,Bills,-17.00,GBP,-17.00,GBP,,,,Max,,-17.00,
tx_0000B24Hf8mwMCGpZFk1ju,08/01/2026,07:34:00,Card payment,Trainline,🚄,Transport,-33.30,GBP,-33.30,GBP,,120 Holborn,,TRAINLINE              LONDON        GBR,,-33.30,
tx_0000B24jQA8br43WiNCpPQ,08/01/2026,12:45:02,Card payment,Thoroughbreads Coffee Bar,☕️,Eating out,-7.00,GBP,-7.00,GBP,,2 Orwell Furlong,,THOROUGHBREADS         CAMBRIDGE     GBR,,-7.00,
tx_0000B24nwxZ81EPSPzJSWv,08/01/2026,13:35:47,Card payment,The Vending People LTD,🍎,Groceries,-0.30,GBP,-0.30,GBP,,Unit C Gildersome Spur,,THE VENDING PEOPLE LTD LEEDS         GBR,,-0.30,
tx_0000B24p8xa9snKWqu1ABt,08/01/2026,13:49:10,Card payment,Apple,🍎 ,Entertainment,-0.99,GBP,-0.99,GBP,,Hollyhill Estate,,APPLE.COM/BILL         CORK          IRL,,-0.99,
tx_0000B25p4cevvUEv5yiMJG,09/01/2026,01:23:05,Pot transfer,Money Pot,,Transfers,20.00,GBP,20.00,GBP,,,,,,,20.00
tx_0000B265Rrl1YXQRvxhaZ5,09/01/2026,04:26:34,Card payment,Transport for London,🚆,Transport,-10.40,GBP,-10.40,GBP,"Travel charge for Thursday, 8 Jan","Windsor House, 42-50 Victoria Street",,TfL Travel Charge      TFL.gov.uk/CP GBR,,-10.40,
tx_0000B26dFEJFnFLp6SIGw5,09/01/2026,10:45:16,Card payment,Prep Kitchen,🍎,Groceries,-45.20,GBP,-45.20,GBP,,Court Lodge Farm Dale Road  Southfleet,,Prep Kitchen           GRAVESEND     GBR,,-45.20,
tx_0000B26u7HNGDK9cxoWm6I,09/01/2026,13:54:18,Card payment,West Nine Food & Wine,🍎,Groceries,-2.49,GBP,-2.49,GBP,,124 West End Lane,,WEST NINE FOOD AND WIN LONDON        GBR,,-2.49,
tx_0000B275TAXpNyBDM6mc6M,09/01/2026,16:01:31,Card payment,Sainsbury’s,🍏,Groceries,-8.19,GBP,-8.19,GBP,,255 Finchley Road,,SAINSBURYS PLC         LONDON        GBR,,-8.19,
tx_0000B27ugRpRWwF7BY5YuL,10/01/2026,01:35:22,Pot transfer,Money Pot,,Transfers,20.00,GBP,20.00,GBP,,,,,,,20.00
tx_0000B29z3AyFA8I1h6DZuE,11/01/2026,01:33:43,Pot transfer,Money Pot,,Transfers,20.00,GBP,20.00,GBP,,,,,,,20.00
tx_0000B2AktsPHbnEgQPtv05,11/01/2026,10:29:53,Card payment,Transport for London,🚆,Transport,-5.80,GBP,-5.80,GBP,"Travel charge for Saturday, 10 Jan",50 Victoria Street,,TFL TRAVEL CH\VICTORIA STREET\TFL.GOV.UK/CP\SW1H 0TL     GBR,,-5.80,
tx_0000B2B3fdcrfJn6Xsm29C,11/01/2026,14:00:12,Card payment,Sainsbury’s,🍏,Groceries,-44.24,GBP,-44.24,GBP,,255 Finchley Road,,SAINSBURYS PLC         LONDON        GBR,,-44.24,
tx_0000B2B4MhIzrPizWPPujs,11/01/2026,14:07:59,Card payment,West Nine Food & Wine,🍎,Groceries,-2.49,GBP,-2.49,GBP,,124 West End Lane,,WEST NINE FOOD AND WIN LONDON        GBR,,-2.49,
tx_0000B2BKbxIaHKjVce7LSU,11/01/2026,17:10:01,Faster payment,S Gregory,,Income,20.00,GBP,20.00,GBP,Dinner xx,,,Dinner xx,,,20.00
tx_0000B2C2D1tkR9bc7vmAi1,12/01/2026,01:18:33,Pot transfer,Money Pot,,Transfers,20.00,GBP,20.00,GBP,,,,,,,20.00
tx_0000B2ChNLBZg3zFSynad9,12/01/2026,08:59:48,Faster payment,James Angel,,Transfers,-63.64,GBP,-63.64,GBP,Sent from Monzo,,,Sent from Monzo,,-63.64,
tx_0000B2D4tlKYIxrlAZsZ3y,12/01/2026,13:23:23,Card payment,Kineya,🍜,Eating out,-12.25,GBP,-12.25,GBP,,,,Kineya Mugimaru        London        GBR,,-12.25,
tx_0000B2DamIF1FyvFzlBJdB,12/01/2026,19:20:36,Card payment,Tesco,🍏 ,Groceries,-11.75,GBP,-11.75,GBP,,125 Strand,,TESCO STORES           LONDON        GBR,,-11.75,
tx_0000B2E8TZGF9OE4VKuRzp,13/01/2026,01:38:11,Pot transfer,Money Pot,,Transfers,20.00,GBP,20.00,GBP,,,,,,,20.00
tx_0000B2EvMZcsI4TIxmHqjq,13/01/2026,10:45:58,Card payment,Transport for London,🚆,Transport,-6.40,GBP,-6.40,GBP,"Travel charge for Monday, 12 Jan",50 Victoria Street,,TFL TRAVEL CH\VICTORIA STREET\TFL.GOV.UK/CP\SW1H 0TL     GBR,,-6.40,
tx_0000B2FBIaQqwwhWmHDTgv,13/01/2026,13:44:32,Card payment,Kineya,🍜,Eating out,-12.25,GBP,-12.25,GBP,,,,Kineya Mugimaru        London        GBR,,-12.25,
tx_0000B2FWQlDiozmkDroJnw,13/01/2026,17:41:18,Pot transfer,Savings Pot,,Savings,100.00,GBP,100.00,GBP,,,,,,,100.00
tx_0000B2FWXFkaDzCFhdcWrD,13/01/2026,17:42:29,Card payment,The Nag’s Head,🍺,Eating out,-4.20,GBP,-4.20,GBP,,10 James Street,,NAGS HEAD              LONDON        GBR,,-4.20,
tx_0000B2FbplFeLJ0lNhaLcA,13/01/2026,18:41:51,Card payment,The Nag’s Head,🍺,Eating out,-4.20,GBP,-4.20,GBP,,10 James Street,,NAGS HEAD              LONDON        GBR,,-4.20,
tx_0000B2Fi2bDVYsF8kkIcgk,13/01/2026,19:51:24,Card payment,Tesco,🍏 ,Groceries,-10.00,GBP,-10.00,GBP,,23-27 Heath Street,,TESCO STORES 5711      LONDON        GBR,,-10.00,
tx_0000B2GCAaVh4PBPrVNUoN,14/01/2026,01:29:00,Pot transfer,Money Pot,,Transfers,20.00,GBP,20.00,GBP,,,,,,,20.00
tx_0000B2GUuhDWGT5Z9u0rAa,14/01/2026,04:59:01,Card payment,Transport for London,🚆,Transport,-6.40,GBP,-6.40,GBP,"Travel charge for Tuesday, 13 Jan","Windsor House, 42-50 Victoria Street",,TfL Travel Charge      TFL.gov.uk/CP GBR,,-6.40,
tx_0000B2HDNUTF881GX76VKE,14/01/2026,13:17:15,Card payment,Sainsbury’s,🍏,Groceries,-17.90,GBP,-17.90,GBP,,255 Finchley Road,,SAINSBURYS PLC         LONDON        GBR,,-17.90,
tx_0000B2HQpoWfSQqddYsY8w,14/01/2026,15:48:01,Faster payment,Darktrace Holdings Ltd,,Income,33.30,GBP,33.30,GBP,00010035202,,,00010035202,,,33.30
tx_0000B2IGf0uyEubbJMYSaf,15/01/2026,01:28:44,Pot transfer,Money Pot,,Transfers,20.00,GBP,20.00,GBP,,,,,,,20.00
tx_0000B2JFqFEPSNPSvYPQBu,15/01/2026,12:54:16,Card payment,Kineya,🍜,Eating out,-12.25,GBP,-12.25,GBP,,,,Kineya Mugimaru        London        GBR,,-12.25,
tx_0000B2KLPO5DETJNEbv1vd,16/01/2026,01:31:22,Pot transfer,Money Pot,,Transfers,20.00,GBP,20.00,GBP,,,,,,,20.00
tx_0000B2LADfQo0908OVjPbW,16/01/2026,11:00:42,Card payment,Transport for London,🚆,Transport,-7.00,GBP,-7.00,GBP,"Travel charge for Thursday, 15 Jan",50 Victoria Street,,TFL TRAVEL CH\VICTORIA STREET\TFL.GOV.UK/CP\SW1H 0TL     GBR,,-7.00,
tx_0000B2LN5WK7HNfJaEx7fm,16/01/2026,13:24:54,Card payment,Sainsbury’s,🍏,Groceries,-6.25,GBP,-6.25,GBP,,255 Finchley Road,,SAINSBURYS PLC         LONDON        GBR,,-6.25,
tx_0000B2M55ybsVTwkPDTJMR,16/01/2026,21:38:00,Card payment,Olivelli Waterloo,🍽,Eating out,-60.56,GBP,-60.56,GBP,,61 The Cut,,Olivelli Waterloo      London        GBR,,-60.56,
tx_0000B2MP0jr5w0NXpvRCNe,17/01/2026,01:21:09,Pot transfer,Money Pot,,Transfers,20.00,GBP,20.00,GBP,,,,,,,20.00
tx_0000B2NET2DsKl2XHowAh0,17/01/2026,10:57:43,Card payment,Transport for London,🚆,Transport,-5.80,GBP,-5.80,GBP,"Travel charge for Friday, 16 Jan",50 Victoria Street,,TFL TRAVEL CH\VICTORIA STREET\TFL.GOV.UK/CP\SW1H 0TL     GBR,,-5.80,
tx_0000B2NL81th33BOQlHuEL,17/01/2026,12:12:22,Card payment,West Nine Food & Wine,🍎,Groceries,-2.49,GBP,-2.49,GBP,,124 West End Lane,,WEST NINE FOOD AND WIN LONDON        GBR,,-2.49,
tx_0000B2NWCF1BJ3fPmJ0881,17/01/2026,14:16:23,Card payment,Sainsbury’s,🍏,Groceries,-16.85,GBP,-16.85,GBP,,255 Finchley Road,,SAINSBURYS PLC         LONDON        GBR,,-16.85,
tx_0000B2OTdjTW4ReRPKgSzy,18/01/2026,01:22:26,Pot transfer,Money Pot,,Transfers,20.00,GBP,20.00,GBP,,,,,,,20.00
tx_0000B2OyfoesrpUl8PGhIg,18/01/2026,07:10:10,Card payment,Transport for London,🚆,Transport,-5.80,GBP,-5.80,GBP,"Travel charge for Saturday, 17 Jan","Windsor House, 42-50 Victoria Street",,TfL Travel Charge      TFL.gov.uk/CP GBR,,-5.80,
tx_0000B2PKL3Wab7yO9StWAj,18/01/2026,11:12:56,Pot transfer,Savings Pot,,Savings,100.00,GBP,100.00,GBP,,,,,,,100.00
tx_0000B2PKSahNei0Ov231Kz,18/01/2026,11:14:18,Card payment,Manual,💊,General,-79.95,GBP,-79.95,GBP,,"2 Underwood Row, London",,Manual                 London        GBR,,-79.95,
tx_0000B2Pf5T6PpXg8T1RSSq,18/01/2026,15:05:25,Card payment,Hell Razor,✂️,General,-30.00,GBP,-30.00,GBP,,132 West End Lane,,HELL RAZOR             LONDON        GBR,,-30.00,
tx_0000B2QYeOI3D1TWj3WON0,19/01/2026,01:28:00,Pot transfer,Money Pot,,Transfers,20.00,GBP,20.00,GBP,,,,,,,20.00
tx_0000B2S3pi2PQ4dc1UTkUk,19/01/2026,18:52:07,Card payment,Tesco,🍏 ,Groceries,-4.70,GBP,-4.70,GBP,,23-27 Heath Street,,TESCO STORES 5711      LONDON        GBR,,-4.70,
tx_0000B2SdNPUWNWlPSjdvoi,20/01/2026,01:30:23,Pot transfer,Money Pot,,Transfers,20.00,GBP,20.00,GBP,,,,,,,20.00
tx_0000B2TQYKRiN9MjltHZkB,20/01/2026,10:41:24,Card payment,Transport for London,🚆,Transport,-7.00,GBP,-7.00,GBP,"Travel charge for Monday, 19 Jan",50 Victoria Street,,TFL TRAVEL CH\VICTORIA STREET\TFL.GOV.UK/CP\SW1H 0TL     GBR,,-7.00,
tx_0000B2TUrMCwRiIURuFEZf,20/01/2026,11:29:40,Card payment,Tesco,🍏 ,Groceries,-0.27,GBP,-0.27,GBP,,SHELTON STREET EXP,,TESCO STORES 4850      LONDON        GBR,,-0.27,
tx_0000B2TjVUQAj8Fl1eJ4j3,20/01/2026,14:13:47,Card payment,Prep Kitchen,🍎,Groceries,-38.70,GBP,-38.70,GBP,,Court Lodge Farm Dale Road  Southfleet,,Prep Kitchen           GRAVESEND     GBR,,-38.70,
tx_0000B2Ui7qSrDH67U4qELK,21/01/2026,01:33:01,Pot transfer,Money Pot,,Transfers,20.00,GBP,20.00,GBP,,,,,,,20.00
tx_0000B2VUJWous54uzI1VbR,21/01/2026,10:32:58,Card payment,Transport for London,🚆,Transport,-7.00,GBP,-7.00,GBP,"Travel charge for Tuesday, 20 Jan",50 Victoria Street,,TFL TRAVEL CH\VICTORIA STREET\TFL.GOV.UK/CP\SW1H 0TL     GBR,,-7.00,
tx_0000B2WnAIDJtucLIjoxJy,22/01/2026,01:38:55,Pot transfer,Money Pot,,Transfers,20.00,GBP,20.00,GBP,,,,,,,20.00
tx_0000B2X5TDs24UgoezOSX4,22/01/2026,05:04:01,Card payment,Transport for London,🚆,Transport,-7.00,GBP,-7.00,GBP,"Travel charge for Wednesday, 21 Jan","Windsor House, 42-50 Victoria Street",,TfL Travel Charge      TFL.gov.uk/CP GBR,,-7.00,
tx_0000B2Xr091zmSGEZ9WeJO,22/01/2026,13:56:36,Card payment,Break Point Partnershi,🍎,Groceries,-3.49,GBP,-3.49,GBP,,77 The Strand,,BREAK POINT PARTNERSHI LONDON        GBR,,-3.49,
tx_0000B2YALc6amFTLqfNIF1,22/01/2026,17:33:23,Card payment,Tesco,🍏 ,Groceries,-5.75,GBP,-5.75,GBP,,23-27 Heath Street,,TESCO STORES 5711      LONDON        GBR,,-5.75,
tx_0000B2YphiRC0jacPhIKPa,23/01/2026,01:16:47,Faster payment,Darktrace Holdings Ltd,,Income,3746.68,GBP,3746.68,GBP,00010036190,,,00010036190,,,3746.68
tx_0000B2YqriLXIwLl8JKlUo,23/01/2026,01:29:48,Pot transfer,Money Pot,,Transfers,20.00,GBP,20.00,GBP,,,,,,,20.00
tx_0000B2ZVbTN9J1rdxJyYkd,23/01/2026,09:06:16,Pot transfer,Rent Pot,,Transfers,-1346.00,GBP,-1346.00,GBP,,,,,,-1346.00,
tx_0000B2ZVcAPRIOn2dm3vL0,23/01/2026,09:06:23,Pot transfer,Rent Pot,,Transfers,-3.00,GBP,-3.00,GBP,,,,,,-3.00,
tx_0000B2ZVdITQnXTLMlTZQX,23/01/2026,09:06:36,Pot transfer,Gym Pot,,Transfers,-96.00,GBP,-96.00,GBP,,,,,,-96.00,
tx_0000B2ZVeb6X10zOMgCTVC,23/01/2026,09:06:50,Pot transfer,Investments Pot,,Transfers,-1000.00,GBP,-1000.00,GBP,,,,,,-1000.00,
tx_0000B2ZVfkjIiKTxa04OGX,23/01/2026,09:07:02,Pot transfer,My Bills Pot,,Transfers,-160.83,GBP,-160.83,GBP,,,,,,-160.83,
tx_0000B2ZVnn45un1B8hd1ok,23/01/2026,09:08:29,Pot transfer,Money Pot,,Transfers,-560.00,GBP,-560.00,GBP,,,,,,-560.00,
tx_0000B2ZVoiCvSdapNp2jHn,23/01/2026,09:08:39,Pot transfer,Food  Pot,,Transfers,-200.00,GBP,-200.00,GBP,,,,,,-200.00,
tx_0000B2ZVtLIs2rL9LoBDSU,23/01/2026,09:09:29,Faster payment,James Angel,,Transfers,-227.00,GBP,-227.00,GBP,Sent from Monzo,,,Sent from Monzo,,-227.00,
tx_0000B2ZWM7SSbJ8LqCvjyD,23/01/2026,09:14:42,Card payment,Steam,🎮,Entertainment,-8.44,GBP,-8.44,GBP,,Rodingsmarkt 9,,Steam Purchase         Hamburg       DEU,,-8.44,
tx_0000B2Ze2j7bepy0ZQvND8,23/01/2026,10:40:50,Card payment,Transport for London,🚆,Transport,-7.00,GBP,-7.00,GBP,"Travel charge for Thursday, 22 Jan",50 Victoria Street,,TFL TRAVEL CH\VICTORIA STREET\TFL.GOV.UK/CP\SW1H 0TL     GBR,,-7.00,
tx_0000B2ZiY8hN0t4ja2rKQm,23/01/2026,11:31:20,Card payment,West Nine Food & Wine,🍎,Groceries,-2.49,GBP,-2.49,GBP,,124 West End Lane,,WEST NINE FOOD AND WIN LONDON        GBR,,-2.49,
tx_0000B2ZrvqS9OsvfrWfwY5,23/01/2026,13:16:28,Card payment,Sainsbury’s,🍏,Groceries,-30.29,GBP,-30.29,GBP,,255 Finchley Road,,SAINSBURYS PLC         LONDON        GBR,,-30.29,
tx_0000B2avfvRPgGXsMFCVVq,24/01/2026,01:33:07,Pot transfer,Money Pot,,Transfers,20.00,GBP,20.00,GBP,,,,,,,20.00
tx_0000B2c41LesOX8uTAbTiD,24/01/2026,14:41:20,Card payment,Mulltirush,🍻,Groceries,-9.99,GBP,-9.99,GBP,,4 Bramlands Close,,SumUp  *mulltirush     London        GBR,,-9.99,
tx_0000B2cShwkjGbPJLZFQ13,24/01/2026,19:17:57,Card payment,Tesco,🍏 ,Groceries,-12.50,GBP,-12.50,GBP,,27 Falcon Road,,TESCO STORES 2409      LONDON        GBR,,-12.50,
tx_0000B2cjJ0T218yTPs7LpF,24/01/2026,22:23:56,Card payment,The Northcote,🍸,Eating out,-28.60,GBP,-28.60,GBP,,2 Northcote Road,,Northcote              London        GBR,,-28.60,
tx_0000B2clxgKC0mU42oAXOW,24/01/2026,22:53:42,Card payment,The Northcote,🍸,Eating out,-13.00,GBP,-13.00,GBP,,2 Northcote Road,,Northcote              London        GBR,,-13.00,
tx_0000B2d0bxRNC3GVI6XzLW,25/01/2026,01:37:51,Pot transfer,Money Pot,,Transfers,20.00,GBP,20.00,GBP,,,,,,,20.00
tx_0000B2dkskjgHJMJH0m8qj,25/01/2026,10:16:19,Card payment,Transport for London,🚆,Transport,-4.00,GBP,-4.00,GBP,"Travel charge for Saturday, 24 Jan",50 Victoria Street,,TFL TRAVEL CH\VICTORIA STREET\TFL.GOV.UK/CP\SW1H 0TL     GBR,,-4.00,
tx_0000B2f3s5sCIUjoIfWo7u,26/01/2026,01:23:48,Pot transfer,Money Pot,,Transfers,20.00,GBP,20.00,GBP,,,,,,,20.00
tx_0000B2fqKx8kdmczZ7S3dJ,26/01/2026,10:26:51,Card payment,Transport for London,🚆,Transport,-3.10,GBP,-3.10,GBP,"Travel charge for Saturday, 24 Jan",50 Victoria Street,,TFL TRAVEL CH\VICTORIA STREET\TFL.GOV.UK/CP\SW1H 0TL     GBR,,-3.10,
tx_0000B2gWspi2yEF7lE6I2j,26/01/2026,18:23:35,Card payment,Tesco,🍏 ,Groceries,-8.00,GBP,-8.00,GBP,,23-27 Heath Street,,TESCO STORES 5711      LONDON        GBR,,-8.00,
tx_0000B2h8zeBg0LEqpzyqJA,27/01/2026,01:30:37,Pot transfer,Money Pot,,Transfers,20.00,GBP,20.00,GBP,,,,,,,20.00
tx_0000B2hPLN3JzRNFU8o3pj,27/01/2026,04:33:49,Card payment,Transport for London,🚆,Transport,-7.00,GBP,-7.00,GBP,"Travel charge for Monday, 26 Jan","Windsor House, 42-50 Victoria Street",,TfL Travel Charge      TFL.gov.uk/CP GBR,,-7.00,
tx_0000B2iIWrc6CUdyfF8rjv,27/01/2026,14:52:10,Card payment,Prep Kitchen,🍎,Groceries,-44.75,GBP,-44.75,GBP,,Court Lodge Farm Dale Road  Southfleet,,Prep Kitchen           GRAVESEND     GBR,,-44.75,
tx_0000B2iKUrfVE1h9Q8S3Jx,27/01/2026,15:14:13,Pot transfer,Food  Pot,,Transfers,50.00,GBP,50.00,GBP,,,,,,,50.00
tx_0000B2iSg1Sxw9ATDrq2RV,27/01/2026,16:45:53,Card payment,Formnutrition.com,🍎,Shopping,-43.20,GBP,-43.20,GBP,,Great Western Studios65 Alfred Road,,FORMNUTRITION.COM      LONDON        GBR,,-43.20,
tx_0000B2ibHJvv2UzfY9xRtE,27/01/2026,18:22:15,Card payment,Londis,🛒,Groceries,-11.96,GBP,-11.96,GBP,,33 Mill Lane,,LONDIS                  GREAT BRITAI GBR,,-11.96,
tx_0000B2jDObqqcBAyxuJevE,28/01/2026,01:29:22,Pot transfer,Money Pot,,Transfers,20.00,GBP,20.00,GBP,,,,,,,20.00
tx_0000B2kQ5mhZXg73mzPpar,28/01/2026,15:26:20,Card payment,Transport for London,🚆,Transport,-7.00,GBP,-7.00,GBP,"Travel charge for Tuesday, 27 Jan",50 Victoria Street,,TFL TRAVEL CH\VICTORIA STREET\TFL.GOV.UK/CP\SW1H 0TL     GBR,,-7.00,
tx_0000B2lHylIBmMPintWEKa,29/01/2026,01:30:08,Pot transfer,Money Pot,,Transfers,20.00,GBP,20.00,GBP,,,,,,,20.00
tx_0000B2lrFx2eqQmSl4H2XZ,29/01/2026,08:05:25,Card payment,M&S,🛍 ,Shopping,-6.45,GBP,-6.45,GBP,,King's Boulevard,,M&S SIMPLY FOOD - SSP  ST PANCRAS MA GBR,,-6.45,
tx_0000B2lsk1A8BlDqEKA3ww,29/01/2026,08:22:04,Card payment,Caffè Nero,☕,Eating out,-4.10,GBP,-4.10,GBP,,Kings Cross Station,,CAFFE NERO 541 KINGS C LONDON        GBR,,-4.10,
tx_0000B2lvvH6nXbOEJGSGEV,29/01/2026,08:57:43,Card payment,Trainline,🚄,Transport,-22.29,GBP,-22.29,GBP,,120 Holborn,,TRAINLINE              LONDON        GBR,,-22.29,
tx_0000B2mhymBzE0LjYrFGE6,29/01/2026,17:56:11,Card payment,Trainline,🚄,Transport,-21.20,GBP,-21.20,GBP,,120 Holborn,,TRAINLINE              LONDON        GBR,,-21.20,
tx_0000B2nLx7m00rPAKIR4g2,30/01/2026,01:24:05,Pot transfer,Money Pot,,Transfers,20.00,GBP,20.00,GBP,,,,,,,20.00
tx_0000B2nUuRa4oLg3LOuFal,30/01/2026,03:04:27,Direct Debit,O2,,Bills,-23.68,GBP,-23.68,GBP,D20535255,,,D20535255,,-23.68,
tx_0000B2nVKFdbpzVxZufDNZ,30/01/2026,03:09:07,Pot transfer,Gym Pot,,Transfers,96.00,GBP,96.00,GBP,,,,,,,96.00
tx_0000B2nVKFturMTwyMTGmf,30/01/2026,03:09:07,Direct Debit,Virgin Active,,Entertainment,-96.00,GBP,-96.00,GBP,006800150823010016,,,006800150823010016,,-96.00,
tx_0000B2oEuxivttrDqa5p7h,30/01/2026,11:39:58,Card payment,Sainsbury’s,🍏,Groceries,-0.18,GBP,-0.18,GBP,,255 Finchley Road,,SAINSBURYS PLC         LONDON        GBR,,-0.18,
tx_0000B2oNExFgADGgNp0Dre,30/01/2026,13:13:14,Card payment,Sainsbury’s,🍏,Groceries,-3.95,GBP,-3.95,GBP,,255 Finchley Road,,SAINSBURYS PLC         LONDON        GBR,,-3.95,
tx_0000B2oTuKMZk12wl28l7J,30/01/2026,14:27:56,Card payment,Transport for London,🚆,Transport,-6.40,GBP,-6.40,GBP,"Travel charge for Thursday, 29 Jan",50 Victoria Street,,TFL TRAVEL CH\VICTORIA STREET\TFL.GOV.UK/CP\SW1H 0TL     GBR,,-6.40,
tx_0000B2olClkgLa9x2NzjeL,30/01/2026,17:41:45,Card payment,West Nine Food & Wine,🍎,Groceries,-2.49,GBP,-2.49,GBP,,124 West End Lane,,WEST NINE FOOD AND WIN LONDON        GBR,,-2.49,
tx_0000B2olYk7T65pwVsRAHJ,30/01/2026,17:45:43,Card payment,Tesco,🍏 ,Groceries,-4.00,GBP,-4.00,GBP,,23-27 Heath Street,,TESCO STORES 5711      LONDON        GBR,,-4.00,
tx_0000B2pRWV9004vQI4iUzb,31/01/2026,01:35:56,Pot transfer,Money Pot,,Transfers,20.00,GBP,20.00,GBP,,,,,,,20.00
tx_0000B2qNM1b0ndnydcPrrW,31/01/2026,12:23:56,Card payment,Sainsbury’s,🍏,Groceries,-0.16,GBP,-0.16,GBP,,255 Finchley Road,,SAINSBURYS PLC         LONDON        GBR,,-0.16,
tx_0000B2qQmDo0KKaDpeQDgI,31/01/2026,13:02:16,Faster payment,MICHAEL DEGROOT,,Income,960.00,GBP,960.00,GBP,R22b rent,,,R22b rent,,,960.00
tx_0000B2qQoelP4JDy1JMm5h,31/01/2026,13:02:43,Pot transfer,Rent Pot,,Transfers,-960.00,GBP,-960.00,GBP,,,,,,-960.00,
tx_0000B2qYlUY7O6nHUmuXLd,31/01/2026,14:31:47,Card payment,Waterstones,📚,Entertainment,-9.99,GBP,-9.99,GBP,,255 Finchley Road,,WATERSTONES            LONDON        GBR,,-9.99,
tx_0000B2qaGGXdcO1x0AeyMT,31/01/2026,14:48:33,Card payment,Sainsbury’s,🍏,Groceries,-30.77,GBP,-30.77,GBP,,255 Finchley Road,,SAINSBURYS - FINCHLEY  LONDON        GBR,,-30.77,
tx_0000B2qazuNCN6wkr8FXVM,31/01/2026,14:56:48,Card payment,West Nine Food & Wine,🍎,Groceries,-2.49,GBP,-2.49,GBP,,124 West End Lane,,WEST NINE FOOD AND WIN LONDON        GBR,,-2.49,
tx_0000B2qt2FWUVSTuuy9ZMf,31/01/2026,18:18:55,Card payment,The Tiffin Tin,🍽,Eating out,-18.45,GBP,-18.45,GBP,,,,thetiffintin.com       London        GBR,,-18.45,
tx_0000B2qutov1jiwZTMC8aB,31/01/2026,18:39:48,Bank transfer,Joseph Buckett,,Income,1158.00,GBP,1158.00,GBP,Rent,,,Rent,,,1158.00
tx_0000B2qwyfyScTpuDkAVP9,31/01/2026,19:03:05,Pot transfer,Rent Pot,,Transfers,-1158.00,GBP,-1158.00,GBP,,,,,,-1158.00,
tx_0000B2rZcPaUlBLhfhJRDt,01/02/2026,02:16:04,Pot transfer,Money Pot,,Transfers,20.00,GBP,20.00,GBP,,,,,,,20.00
tx_0000B2rZcSEcuwXID2DQhP,01/02/2026,02:16:04,Pot transfer,Rent Pot,,Transfers,3467.00,GBP,3467.00,GBP,,,,,,,3467.00
tx_0000B2rZcXRZYEipqqnb62,01/02/2026,02:16:05,Faster payment,Joe Crosby,,General,-3467.00,GBP,-3467.00,GBP,Joe Crosby,,,Joe Crosby,,-3467.00,
tx_0000B2rh88yekeS6urI7uL,01/02/2026,03:40:14,overdraft,,,General,-3.21,GBP,-3.21,GBP,This is the charge for your January 2026 overdraft,,,January overdraft fees,,-3.21,
tx_0000B2sTLYebOSi8DbdJPl,01/02/2026,12:40:30,Card payment,Lamassu Cafe,,Groceries,-7.40,GBP,-7.40,GBP,,86 Fortune Green Road,,lamassu cafe           London        GBR,,-7.40,
tx_0000B2sbaZtdr69rluc2z6,01/02/2026,14:12:51,Card payment,Tesco,🍏 ,Groceries,-17.39,GBP,-17.39,GBP,,23-27 Heath Street,,TESCO STORES 5711      LONDON        GBR,,-17.39,
tx_0000B2skaS103bet60HGLp,01/02/2026,15:53:40,Card payment,Hell Razor,✂️,General,-33.00,GBP,-33.00,GBP,,132 West End Lane,,HELL RAZOR             LONDON        GBR,,-33.00,
tx_0000B2tZVTnJ6sVgp1WFbV,02/02/2026,01:24:14,Pot transfer,Money Pot,,Transfers,20.00,GBP,20.00,GBP,,,,,,,20.00
tx_0000B2tkxx8che5kCVpcAc,02/02/2026,03:32:38,Direct Debit,Thames Water,,Bills,-93.00,GBP,-93.00,GBP,900092499220,,,900092499220,,-93.00,
tx_0000B2tp2vCpiJ1dsYbfSU,02/02/2026,04:18:21,Pot transfer,Investments Pot,,Transfers,1000.00,GBP,1000.00,GBP,,,,,,,1000.00
tx_0000B2tp2vVGbkspXFGKuI,02/02/2026,04:18:21,Direct Debit,Fidelity,,Bills,-1000.00,GBP,-1000.00,GBP,AS10162900,,,AS10162900,,-1000.00,
tx_0000B2trgMTATxbXj29gck,02/02/2026,04:47:53,Pot transfer,My Bills Pot,,Transfers,160.83,GBP,160.83,GBP,,,,,,,160.83
tx_0000B2trgMX4FSEELlCQTZ,02/02/2026,04:47:53,Direct Debit,Tabeo,,Bills,-160.83,GBP,-160.83,GBP,S8E6B4B-796040-SMI,,,S8E6B4B-796040-SMI,,-160.83,
tx_0000B2trti5NQO3sxec0Gr,02/02/2026,04:50:18,Direct Debit,Octopus Energy,,Bills,-138.23,GBP,-138.23,GBP,J2SSTZW,,,J2SSTZW,,-138.23,
tx_0000B2uGAMCgQu0GuxV5HR,02/02/2026,09:22:14,Monzo-to-Monzo,Michael Degroot,,General,114.03,GBP,114.03,GBP,,,,,,,114.03
tx_0000B2veg88AsmAEb32DJp,03/02/2026,01:31:36,Pot transfer,Money Pot,,Transfers,20.00,GBP,20.00,GBP,,,,,,,20.00
tx_0000B2vwbC2eiFhIW7jUtm,03/02/2026,04:52:24,Card payment,Transport for London,🚆,Transport,-7.00,GBP,-7.00,GBP,"Travel charge for Monday, 2 Feb","Windsor House, 42-50 Victoria Street",,TfL Travel Charge      TFL.gov.uk/CP GBR,,-7.00,
tx_0000B2wTetqbb6uHyp3BOk,03/02/2026,11:02:50,Faster payment,MICHAEL TOWNSEND,,Income,72.00,GBP,72.00,GBP,Michael T,,,Michael T,,,72.00
tx_0000B2xLeAyLpxR9nxtHPO,03/02/2026,21:07:47,Card payment,Prep Kitchen,🍎,Groceries,-44.75,GBP,-44.75,GBP,,Court Lodge Farm Dale Road  Southfleet,,Prep Kitchen           GRAVESEND     GBR,,-44.75,
tx_0000B2xLojpT5yhCu9qsuf,03/02/2026,21:09:41,Pot transfer,Food  Pot,,Transfers,50.00,GBP,50.00,GBP,,,,,,,50.00
tx_0000B2xismH2FKzGlkrxY1,04/02/2026,01:28:08,Pot transfer,Money Pot,,Transfers,20.00,GBP,20.00,GBP,,,,,,,20.00
tx_0000B2yhvorbAVFkoIO3v9,04/02/2026,12:52:11,Card payment,Transport for London,🚆,Transport,-7.00,GBP,-7.00,GBP,"Travel charge for Tuesday, 3 Feb",50 Victoria Street,,TFL TRAVEL CH\VICTORIA STREET\TFL.GOV.UK/CP\SW1H 0TL     GBR,,-7.00,
tx_0000B2zoCVH82mXMAqdYiB,05/02/2026,01:37:09,Pot transfer,Money Pot,,Transfers,20.00,GBP,20.00,GBP,,,,,,,20.00
tx_0000B310UYh5SuMYuHvQJt,05/02/2026,15:29:35,Card payment,Transport for London,🚆,Transport,-7.00,GBP,-7.00,GBP,"Travel charge for Wednesday, 4 Feb",50 Victoria Street,,TFL TRAVEL CH\VICTORIA STREET\TFL.GOV.UK/CP\SW1H 0TL     GBR,,-7.00,
tx_0000B31RRK0uHt0tYPffyI,05/02/2026,20:31:32,Card payment,Steam,🎮,Entertainment,-16.75,GBP,-16.75,GBP,,,,Steam Purchase         425-952-2985  DEU,,-16.75,
tx_0000B31sQbpdFgiWH1P3qu,06/02/2026,01:33:56,Pot transfer,Money Pot,,Transfers,20.00,GBP,20.00,GBP,,,,,,,20.00
tx_0000B32A87pjqQ5FcV3xJc,06/02/2026,04:52:17,Card payment,Transport for London,🚆,Transport,-7.00,GBP,-7.00,GBP,"Travel charge for Thursday, 5 Feb","Windsor House, 42-50 Victoria Street",,TfL Travel Charge      TFL.gov.uk/CP GBR,,-7.00,
tx_0000B33OdGVVEuATlgioEs,06/02/2026,19:09:30,Card payment,Copper Cats & Cu,🍸,Entertainment,-6.80,GBP,-6.80,GBP,,576 Kingsland Road,,SQ *COPPER CATS & CU   London        GBR,,-6.80,
tx_0000B33XtRASGq1p3RHRAX,06/02/2026,20:53:16,Card payment,Copper Cats & Cu,🍸,Entertainment,-12.50,GBP,-12.50,GBP,,576 Kingsland Road,,SQ *COPPER CATS & CU   London        GBR,,-12.50,
tx_0000B33e4HFo4LNZSgITuk,06/02/2026,22:02:27,Card payment,Copper Cats & Cu,🍸,Entertainment,-20.00,GBP,-20.00,GBP,,576 Kingsland Road,,SQ *COPPER CATS & CU   London        GBR,,-20.00,
tx_0000B33j5AkmDrvVGenuzc,06/02/2026,22:58:38,Card payment,Copper Cats & Cu,🍸,Entertainment,-12.50,GBP,-12.50,GBP,,576 Kingsland Road,,SQ *COPPER CATS & CU   London        GBR,,-12.50,
tx_0000B33xUBtKWls3OXd2gs,07/02/2026,01:40:02,Pot transfer,Money Pot,,Transfers,20.00,GBP,20.00,GBP,,,,,,,20.00
tx_0000B34kFDK5onGf5oHV9Y,07/02/2026,10:46:22,Card payment,Transport for London,🚆,Transport,-4.10,GBP,-4.10,GBP,"Travel charge for Friday, 6 Feb",50 Victoria Street,,TFL TRAVEL CH\VICTORIA STREET\TFL.GOV.UK/CP\SW1H 0TL     GBR,,-4.10,
tx_0000B34t2b4J7aFAZsUeQ6,07/02/2026,12:24:56,Card payment,Nut Knowle Farm,🐮,Groceries,-17.80,GBP,-17.80,GBP,,,,nut knowle farm        Heathfield    GBR,,-17.80,
tx_0000B34tDl60BDlwObbXt5,07/02/2026,12:26:57,Card payment,Parsons Ridge 5,🍴,Eating out,-18.30,GBP,-18.30,GBP,,Pool House,,Parsons Ridge 5        Trefynwy      GBR,,-18.30,
tx_0000B352QkohQboilQHR5e,07/02/2026,14:10:09,Bank transfer,Martin,,General,-15.00,GBP,-15.00,GBP,Martin,,,Martin,,-15.00,
tx_0000B361X5IwGLfDoZoByp,08/02/2026,01:34:48,Pot transfer,Money Pot,,Transfers,20.00,GBP,20.00,GBP,,,,,,,20.00
tx_0000B36LSAjWeIP6X7l44Z,08/02/2026,05:18:01,monzo_paid,,,Bills,-17.00,GBP,-17.00,GBP,,,,Max,,-17.00,
tx_0000B36zhNF4Q7i6D8IPeV,08/02/2026,12:48:57,Card payment,Transport for London,🚆,Transport,-7.20,GBP,-7.20,GBP,"Travel charge for Saturday, 7 Feb",50 Victoria Street,,TFL TRAVEL CH\VICTORIA STREET\TFL.GOV.UK/CP\SW1H 0TL     GBR,,-7.20,
tx_0000B374fR5DfSotT1htDg,08/02/2026,13:44:38,Card payment,Redemption Roasters,☕️,Eating out,-9.49,GBP,-9.49,GBP,,53 South End Road,,SQ *REDEMPTION ROASTER London        GBR,,-9.49,
tx_0000B375COrkvpqMuKhQDE,08/02/2026,13:50:35,Card payment,Apple,🍎 ,Entertainment,-0.99,GBP,-0.99,GBP,,Hollyhill Estate,,APPLE.COM/BILL         CORK          IRL,,-0.99,
tx_0000B385e5dkCYzB113WpF,09/02/2026,01:30:18,Pot transfer,Money Pot,,Transfers,20.00,GBP,20.00,GBP,,,,,,,20.00
tx_0000B38s1FEFVohbMFxZ5d,09/02/2026,10:32:20,Card payment,Transport for London,🚆,Transport,-2.00,GBP,-2.00,GBP,"Travel charge for Sunday, 8 Feb",50 Victoria Street,,TFL TRAVEL CH\VICTORIA STREET\TFL.GOV.UK/CP\SW1H 0TL     GBR,,-2.00,
tx_0000B395aHmZJD5mv5uMug,09/02/2026,13:04:20,Card payment,West Nine Food & Wine,🍎,Groceries,-2.49,GBP,-2.49,GBP,,124 West End Lane,,WEST NINE FOOD AND WIN LONDON        GBR,,-2.49,
tx_0000B396JBGaNifbH3FjCF,09/02/2026,13:12:26,Card payment,Sainsbury’s,🍏,Groceries,-0.18,GBP,-0.18,GBP,,255 Finchley Road,,SAINSBURYS PLC         LONDON        GBR,,-0.18,
tx_0000B39WhPE2jPNJsQDz9e,09/02/2026,18:08:09,Card payment,Tesco,🍏 ,Groceries,-9.75,GBP,-9.75,GBP,,23-27 Heath Street,,TESCO STORES 5711      LONDON        GBR,,-9.75,
tx_0000B3AAFOwOC0zpy8K3YS,10/02/2026,01:31:17,Pot transfer,Money Pot,,Transfers,20.00,GBP,20.00,GBP,,,,,,,20.00
tx_0000B3AnFGeusfdWOzqs1x,10/02/2026,08:47:57,Card payment,WHSmith,📰,Groceries,-2.29,GBP,-2.29,GBP,,North Railway Station,,WH Smith Blackfriars   London        GBR,,-2.29,
tx_0000B3BgKlvnX8owJnNxdh,10/02/2026,19:05:32,Card payment,Prep Kitchen,🍎,Groceries,-57.65,GBP,-57.65,GBP,,Court Lodge Farm Dale Road  Southfleet,,Prep Kitchen           GRAVESEND     GBR,,-57.65,
tx_0000B3BgMScyH8Db8BundS,10/02/2026,19:05:50,Pot transfer,Food  Pot,,Transfers,50.00,GBP,50.00,GBP,,,,,,,50.00
tx_0000B3BihZKGlY9CS7B6v4,10/02/2026,19:32:04,Card payment,Steam,🎮,Entertainment,-10.23,GBP,-10.23,GBP,,,,Steam Purchase         425-952-2985  DEU,,-10.23,
tx_0000B3CFt8P3zDFKLhQ6Xj,11/02/2026,01:43:55,Pot transfer,Money Pot,,Transfers,20.00,GBP,20.00,GBP,,,,,,,20.00
tx_0000B3CUl5lpOEQb5NSwj3,11/02/2026,04:30:32,Card payment,Transport for London,🚆,Transport,-7.00,GBP,-7.00,GBP,"Travel charge for Tuesday, 10 Feb","Windsor House, 42-50 Victoria Street",,TfL Travel Charge      TFL.gov.uk/CP GBR,,-7.00,
tx_0000B3DFuxm8fKvpUkKxM4,11/02/2026,13:18:58,Card payment,West Nine Food & Wine,🍎,Groceries,-2.49,GBP,-2.49,GBP,,124 West End Lane,,WEST NINE FOOD AND WIN LONDON        GBR,,-2.49,
tx_0000B3DiZcLY2WoLorz9xj,11/02/2026,18:40:03,Card payment,Sainsbury’s,🍏,Groceries,-8.60,GBP,-8.60,GBP,,255 Finchley Road,,SAINSBURYS PLC         LONDON        GBR,,-8.60,
tx_0000B3EJe8QuNjzLz5j9aW,12/02/2026,01:35:27,Pot transfer,Money Pot,,Transfers,20.00,GBP,20.00,GBP,,,,,,,20.00
tx_0000B3F4jmzXi0MvJXhi30,12/02/2026,10:23:06,Faster payment,James Angel,,Transfers,-75.12,GBP,-75.12,GBP,Sent from Monzo,,,Sent from Monzo,,-75.12,
tx_0000B3FjtwBgTCwKGedCtt,12/02/2026,18:04:21,Card payment,Cambridge,🍽,Eating out,-6.85,GBP,-6.85,GBP,,93 Charing Cross Road,,Cambridge              LONDON        GBR,,-6.85,
tx_0000B3G1m1X2VvGRzbr3LP,12/02/2026,21:24:36,Card payment,Lanzhou Lamian Noodle,🍽,Eating out,-8.00,GBP,-8.00,GBP,,33 Cranbourn Street,,LANZHOU LAMIAN NOODLE  LONDON        GBR,,-8.00,
tx_0000B3GGGu1RsoMG7hLrrm,13/02/2026,00:07:04,Card payment,Steam,🎮,Entertainment,16.75,GBP,16.75,GBP,,,,Steam Purchase         425-952-2985  DEU,,,16.75
tx_0000B3GPRpOmJTenfXWFVJ,13/02/2026,01:49:53,Pot transfer,Money Pot,,Transfers,20.00,GBP,20.00,GBP,,,,,,,20.00
tx_0000B3HMoJIfiQQILrEmlV,13/02/2026,12:55:02,Card payment,Steam,🎮,Entertainment,-12.79,GBP,-12.79,GBP,,,,Steam Purchase         425-952-2985  DEU,,-12.79,
tx_0000B3HaGQKYT8g96PFyhH,13/02/2026,15:25:30,Card payment,Transport for London,🚆,Transport,-8.90,GBP,-8.90,GBP,"Travel charge for Thursday, 12 Feb",50 Victoria Street,,TFL TRAVEL CH\VICTORIA STREET\TFL.GOV.UK/CP\SW1H 0TL     GBR,,-8.90,
tx_0000B3HngipFcru1XK2cs8,13/02/2026,17:56:12,Card payment,Tesco,🍏 ,Groceries,-9.75,GBP,-9.75,GBP,,23-27 Heath Street,,TESCO STORES 5711      LONDON        GBR,,-9.75,
tx_0000B3HnlSZ7VaAh60utaj,13/02/2026,17:57:03,Card payment,ATM,💵,Finances,-40.00,GBP,-40.00,GBP,,204 West End Lane,,ROYAL BK OF SCOTLAND   LONDON        GBR,,-40.00,
tx_0000B3ISf3PqCJ1H6XMkGA,14/02/2026,01:35:18,Pot transfer,Money Pot,,Transfers,20.00,GBP,20.00,GBP,,,,,,,20.00
tx_0000B3JMLdImetdSmq7D17,14/02/2026,11:59:17,Card payment,Sainsbury’s,🍏,Groceries,-0.16,GBP,-0.16,GBP,,255 Finchley Road,,SAINSBURYS PLC         LONDON        GBR,,-0.16,
tx_0000B3JXBmlNj4o7yAphCb,14/02/2026,14:00:45,Card payment,Waterstones,📚,Entertainment,-19.98,GBP,-19.98,GBP,,255 Finchley Road,,WATERSTONES            LONDON        GBR,,-19.98,
tx_0000B3JzqLqpUGdMVmFi6t,14/02/2026,19:21:50,Card payment,Tesco,🍏 ,Groceries,-6.00,GBP,-6.00,GBP,,22-25 Bedford Street,,TESCO METRO 2299       COVENT GARDEN GBR,,-6.00,
tx_0000B3KL7PQdXM8auQOzLP,14/02/2026,23:20:13,Card payment,Five Guys,🍔,Eating out,-12.35,GBP,-12.35,GBP,,Units 2-31 Bard Road,,FIVE GUYS JV LTD       LONDON        GBR,,-12.35,
tx_0000B3KYyZPiRSrNHJUJM2,15/02/2026,01:55:29,Pot transfer,Money Pot,,Transfers,20.00,GBP,20.00,GBP,,,,,,,20.00
tx_0000B3LJPZGbgySwD7YnGU,15/02/2026,10:35:48,Card payment,Transport for London,🚆,Transport,-5.80,GBP,-5.80,GBP,"Travel charge for Saturday, 14 Feb",50 Victoria Street,,TFL TRAVEL CH\VICTORIA STREET\TFL.GOV.UK/CP\SW1H 0TL     GBR,,-5.80,
tx_0000B3LV9yGQBXKx5HyasD,15/02/2026,12:47:26,Card payment,In & Out Barber Shop L,✂️,General,-40.00,GBP,-40.00,GBP,,Brent Street,,IN & OUT BARBER SHOP L London        GBR,,-40.00,
tx_0000B3LbFHhtvFNiLq3G79,15/02/2026,13:55:38,Card payment,The Sweet Corner,🍬,Groceries,-17.40,GBP,-17.40,GBP,,56 Fortune Green Road,,THE SWEET CORNER       LONDON        GBR,,-17.40,
tx_0000B3MaA2jeFpTErSyiXJ,16/02/2026,01:18:11,Pot transfer,Money Pot,,Transfers,20.00,GBP,20.00,GBP,,,,,,,20.00
tx_0000B3Nmmm1Rif2GsdEYHR,16/02/2026,15:14:22,Card payment,Break Point Partnershi,🍎,Groceries,-3.69,GBP,-3.69,GBP,,77 The Strand,,BREAK POINT PARTNERSHI LONDON        GBR,,-3.69,
tx_0000B3OfZDgZZ9xYT0mext,17/02/2026,01:28:11,Pot transfer,Money Pot,,Transfers,20.00,GBP,20.00,GBP,,,,,,,20.00
tx_0000B3OvhY3hInzcm1UZko,17/02/2026,04:28:58,Card payment,Transport for London,🚆,Transport,-7.00,GBP,-7.00,GBP,"Travel charge for Monday, 16 Feb","Windsor House, 42-50 Victoria Street",,TfL Travel Charge      TFL.gov.uk/CP GBR,,-7.00,
tx_0000B3PT1uL5TE4ecg2JzW,17/02/2026,10:42:25,Card payment,Prep Kitchen,🍎,Groceries,-44.75,GBP,-44.75,GBP,,Court Lodge Farm Dale Road  Southfleet,,Prep Kitchen           GRAVESEND     GBR,,-44.75,
tx_0000B3PYQkqQPKvh1wEg09,17/02/2026,11:42:56,Pot transfer,Food  Pot,,Transfers,50.00,GBP,50.00,GBP,,,,,,,50.00
tx_0000B3Pi4R705jkfGmPIY6,17/02/2026,13:30:57,Card payment,Tesco,🍏 ,Groceries,-3.85,GBP,-3.85,GBP,,125 Strand,,TESCO STORES           LONDON        GBR,,-3.85,
tx_0000B3QcRZW4ba1NgE405B,18/02/2026,00:02:37,Card payment,Steam,🎮,Entertainment,10.23,GBP,10.23,GBP,,,,Steam Purchase         425-952-2985  DEU,,,10.23
tx_0000B3Qk78rqm3lkF5WdOc,18/02/2026,01:28:34,Pot transfer,Money Pot,,Transfers,20.00,GBP,20.00,GBP,,,,,,,20.00
tx_0000B3RXEdifMTlI1GTSyH,18/02/2026,10:38:58,Card payment,Transport for London,🚆,Transport,-7.00,GBP,-7.00,GBP,"Travel charge for Tuesday, 17 Feb",50 Victoria Street,,TFL TRAVEL CH\VICTORIA STREET\TFL.GOV.UK/CP\SW1H 0TL     GBR,,-7.00,
tx_0000B3SpF1gCGrudAOxvvg,19/02/2026,01:35:26,Pot transfer,Money Pot,,Transfers,20.00,GBP,20.00,GBP,,,,,,,20.00
tx_0000B3Sx6wv2syU47iJboA,19/02/2026,03:03:37,Direct Debit,Virgin Media,,Entertainment,-29.99,GBP,-29.99,GBP,111850705001,,,111850705001,,-29.99,
tx_0000B3UJ1VBUy2Tfidwrsw,19/02/2026,18:43:51,Card payment,Tesco,🍏 ,Groceries,-9.75,GBP,-9.75,GBP,,23-27 Heath Street,,TESCO STORES 5711      LONDON        GBR,,-9.75,
tx_0000B3UOGLBAwqajV107tZ,19/02/2026,19:42:33,Card payment,Apple,🍎 ,Entertainment,-16.99,GBP,-16.99,GBP,,Hollyhill Estate,,APPLE.COM/BILL         CORK          IRL,,-16.99,
tx_0000B3UtPqR3CnQXciRF1Z,20/02/2026,01:31:38,Pot transfer,Money Pot,,Transfers,20.00,GBP,20.00,GBP,,,,,,,20.00
tx_0000B3Vg7BHmM5HJ1IBL7J,20/02/2026,10:37:18,Card payment,Transport for London,🚆,Transport,-7.00,GBP,-7.00,GBP,"Travel charge for Thursday, 19 Feb",50 Victoria Street,,TFL TRAVEL CH\VICTORIA STREET\TFL.GOV.UK/CP\SW1H 0TL     GBR,,-7.00,
tx_0000B3W0Ujeqj0VSwnMC4v,20/02/2026,14:25:40,Card payment,Aldi,🍏,Groceries,-0.16,GBP,-0.16,GBP,,255 Finchley Road,,ALDI (781-119)         LONDON        GBR,,-0.16,
tx_0000B3Wxtz9AAXTRlmXJ9o,21/02/2026,01:31:19,Pot transfer,Money Pot,,Transfers,20.00,GBP,20.00,GBP,,,,,,,20.00
tx_0000B3XxZu1RhrhAxC3Aln,21/02/2026,13:02:24,Card payment,Wetherspoon,🍺,Eating out,-2.64,GBP,-2.64,GBP,,,,JD WETHERSPOON         Watford       GBR,,-2.64,
tx_0000B3Y9qNtDcvzjxS5VEi,21/02/2026,15:19:50,Card payment,The Gladstone Arms,🍺,Entertainment,-14.00,GBP,-14.00,GBP,,64 Lant Street,,The Gladstone Arms     London        GBR,,-14.00,
tx_0000B3YGxslXvZPnQQ1O6O,21/02/2026,16:39:38,Card payment,Badiani Mercato,🍽,Eating out,-7.40,GBP,-7.40,GBP,,42 Newington Causeway,,DINES* BADIANI MERCATO LONDON        GBR,,-7.40,
tx_0000B3YJd3G61L6bSZoF9t,21/02/2026,17:09:29,Card payment,The Duck Shed,🍲,Eating out,-13.50,GBP,-13.50,GBP,,42 Newington Causeway,,DINES* THE DUCK SHED   LONDON        GBR,,-13.50,
tx_0000B3YKKVcaRbOdaZVvds,21/02/2026,17:17:20,Card payment,Bebeme Wine Bar,🍴,Eating out,-8.00,GBP,-8.00,GBP,,42 Newington Causeway,,DINES* BEBEME WINE BAR LONDON        GBR,,-8.00,
tx_0000B3YRHzNg2ePazTzj29,21/02/2026,18:35:19,Card payment,German Kraft Mm,🍴,Eating out,-18.50,GBP,-18.50,GBP,,42 Newington Causeway,,DINES* GERMAN KRAFT MM LONDON        GBR,,-18.50,
tx_0000B3YYohFhAGCbNfThsv,21/02/2026,19:59:40,Card payment,The Walrus Bar And Hos,🍻,Holidays,-10.50,GBP,-10.50,GBP,,172 Westminster Bridge Road,,The Walrus Bar and Hos London        GBR,,-10.50,
tx_0000B3Ye71NJaP4IUbRrvd,21/02/2026,20:59:00,Card payment,The Walrus Bar And Hos,🍻,Holidays,-5.50,GBP,-5.50,GBP,,172 Westminster Bridge Road,,The Walrus Bar and Hos London        GBR,,-5.50,
tx_0000B3Z2M8h53U6VIhrQCh,22/02/2026,01:30:39,Pot transfer,Money Pot,,Transfers,20.00,GBP,20.00,GBP,,,,,,,20.00
tx_0000B3ZDvXZtcy066naEjq,22/02/2026,03:40:18,Card payment,Transport for London,🚆,Transport,-5.80,GBP,-5.80,GBP,"Travel charge for Saturday, 21 Feb","Windsor House, 42-50 Victoria Street",,TfL Travel Charge      TFL.gov.uk/CP GBR,,-5.80,
tx_0000B3ZrKkywpCERI9p562,22/02/2026,11:01:51,Card payment,The Mill House Inn,🏨,Holidays,-15.00,GBP,-15.00,GBP,,,,THE MILL HOUSE         LONDON        GBR,,-15.00,
tx_0000B3ZrmCSskiG200AcTq,22/02/2026,11:06:49,Card payment,Londis,🛒,Groceries,-7.87,GBP,-7.87,GBP,,33 Mill Lane,,LONDIS                  GREAT BRITAI GBR,,-7.87,
tx_0000B3b7dIZCUOquvm61UA,23/02/2026,01:39:12,Pot transfer,Money Pot,,Transfers,20.00,GBP,20.00,GBP,,,,,,,20.00
tx_0000B3cazeRAwn7oS6SHiL,23/02/2026,18:42:54,Card payment,Tesco,🍏 ,Groceries,-11.25,GBP,-11.25,GBP,,23-27 Heath Street,,TESCO STORES 5711      LONDON        GBR,,-11.25,
tx_0000B3dCHqh9oAokeZptKs,24/02/2026,01:40:46,Pot transfer,Money Pot,,Transfers,20.00,GBP,20.00,GBP,,,,,,,20.00
tx_0000B3dxndOfTwX4ub4fJK,24/02/2026,10:33:09,Card payment,Transport for London,🚆,Transport,-7.00,GBP,-7.00,GBP,"Travel charge for Monday, 23 Feb",50 Victoria Street,,TFL TRAVEL CH\VICTORIA STREET\TFL.GOV.UK/CP\SW1H 0TL     GBR,,-7.00,
tx_0000B3e1ku1lapLIKsk7IQ,24/02/2026,11:17:29,Card payment,Prep Kitchen,🍎,Groceries,-44.75,GBP,-44.75,GBP,,Court Lodge Farm Dale Road  Southfleet,,Prep Kitchen           GRAVESEND     GBR,,-44.75,
tx_0000B3eFqzqwFJiZyNOi9p,24/02/2026,13:55:27,Card payment,Pret,☕,Eating out,-6.75,GBP,-6.75,GBP,,25 Villiers Street,,PRET A MANGER          London        GBR,,-6.75,
tx_0000B3eV3t1WRmZ3wss1kh,24/02/2026,16:45:51,Card payment,Formnutrition.com,🍎,Shopping,-43.20,GBP,-43.20,GBP,,Great Western Studios65 Alfred Road,,FORMNUTRITION.COM      LONDON        GBR,,-43.20,
tx_0000B3fFZpuU9btJlotNOF,25/02/2026,01:27:04,Pot transfer,Money Pot,,Transfers,20.00,GBP,20.00,GBP,,,,,,,20.00
tx_0000B3gLsFaiCks79XJwSw,25/02/2026,14:12:20,Card payment,Apple,🍎 ,Entertainment,-15.99,GBP,-15.99,GBP,,Hollyhill Industrial Estate,,APPLE.COM/BILL         CORK          IRL,,-15.99,
tx_0000B3gP1W0Uq9raCxXUep,25/02/2026,14:47:37,Card payment,Sainsbury’s,🍏,Groceries,-62.75,GBP,-62.75,GBP,,255 Finchley Road,,SAINSBURYS - FINCHLEY  LONDON        GBR,,-62.75,
tx_0000B3hJEnlPj9KNgaBHHt,26/02/2026,01:17:30,Pot transfer,Money Pot,,Transfers,20.00,GBP,20.00,GBP,,,,,,,20.00
tx_0000B3hKGy6CN6uPkj753R,26/02/2026,01:29:06,Card payment,Transport for London,🚆,Transport,-7.00,GBP,-7.00,GBP,"Travel charge for Tuesday, 24 Feb",50 Victoria Street,,TFL TRAVEL CH\VICTORIA STREET\TFL.GOV.UK/CP\SW1H 0TL     GBR,,-7.00,
tx_0000B3hWSlZTySpkLPaam4,26/02/2026,03:45:41,Card payment,Transport for London,🚆,Transport,-12.80,GBP,-12.80,GBP,"Travel charge for Wednesday, 25 Feb","Windsor House, 42-50 Victoria Street",,TfL Travel Charge      TFL.gov.uk/CP GBR,,-12.80,
tx_0000B3hs0ZvjrMvJbQyfKb,26/02/2026,07:47:06,Card payment,Trainline,🚄,Transport,-14.45,GBP,-14.45,GBP,,120 Holborn,,TRAINLINE              LONDON        GBR,,-14.45,
tx_0000B3idmStO1dr3wfE4mn,26/02/2026,16:42:24,Card payment,Trainline,🚄,Transport,-23.00,GBP,-23.00,GBP,,120 Holborn,,TRAINLINE              LONDON        GBR,,-23.00,
tx_0000B3jNQJOHGfeZpP6Ejb,27/02/2026,01:13:49,Faster payment,Darktrace Holdings Ltd,,Income,3746.67,GBP,3746.67,GBP,00010040914,,,00010040914,,,3746.67
tx_0000B3jPgKHLvtED3cURPt,27/02/2026,01:39:08,Pot transfer,Money Pot,,Transfers,20.00,GBP,20.00,GBP,,,,,,,20.00
tx_0000B3jXWMD0hYXxeg8g77,27/02/2026,03:06:58,Direct Debit,Virgin Active,,Entertainment,-96.00,GBP,-96.00,GBP,006800150823010017,,,006800150823010017,,-96.00,
tx_0000B3k2DNvtAIzXtrzTkX,27/02/2026,08:50:54,Pot transfer,Rent Pot,,Transfers,-1349.00,GBP,-1349.00,GBP,,,,,,-1349.00,
tx_0000B3k2FT6IvCqbO3kMRX,27/02/2026,08:51:16,Pot transfer,Gym Pot,,Transfers,-96.00,GBP,-96.00,GBP,,,,,,-96.00,
tx_0000B3k2GFV6yHu8vCTwQL,27/02/2026,08:51:25,Pot transfer,Bills Pot,,Transfers,-200.00,GBP,-200.00,GBP,,,,,,-200.00,
tx_0000B3k2H1RCk7WCtz0g9y,27/02/2026,08:51:33,Pot transfer,Food  Pot,,Transfers,-200.00,GBP,-200.00,GBP,,,,,,-200.00,
tx_0000B3k2KOeurbEnQ1Sijy,27/02/2026,08:52:10,Pot transfer,Money Pot,,Transfers,-560.00,GBP,-560.00,GBP,,,,,,-560.00,
tx_0000B3k2LoiVSyouXnVccz,27/02/2026,08:52:25,Pot transfer,My Bills Pot,,Transfers,-161.00,GBP,-161.00,GBP,,,,,,-161.00,
tx_0000B3k2NyvaTOhDq1YLh6,27/02/2026,08:52:48,Pot transfer,Food  Pot,,Transfers,-50.00,GBP,-50.00,GBP,,,,,,-50.00,
tx_0000B3k2QoqMQGwrhRfqKH,27/02/2026,08:53:19,Pot transfer,Savings Pot,,Savings,-350.00,GBP,-350.00,GBP,,,,,,-350.00,
tx_0000B3k9HBWDxfjBUhVCu9,27/02/2026,10:10:01,Bank transfer,Joseph Buckett,,Income,1103.00,GBP,1103.00,GBP,Rent tings,,,Rent tings,,,1103.00
tx_0000B3k9xn8qTDyf6DMvUv,27/02/2026,10:17:42,Card payment,Google,💻,Entertainment,0.00,GBP,0.00,GBP,Active card check,,,GOOGLE *TEMPORARY HOLD LONDON        GBR,,0.00,
tx_0000B3kCPJH9IzGC5Dtgen,27/02/2026,10:45:06,Faster payment,MICHAEL DEGROOT,,Income,960.00,GBP,960.00,GBP,R22b rent,,,R22b rent,,,960.00
tx_0000B3kGHnPrl6bVT2FhGj,27/02/2026,11:28:34,Pot transfer,Rent Pot,,Transfers,-1103.00,GBP,-1103.00,GBP,,,,,,-1103.00,
tx_0000B3kGJ3ujuBzHOBZFpJ,27/02/2026,11:28:47,Pot transfer,Rent Pot,,Transfers,-960.00,GBP,-960.00,GBP,,,,,,-960.00,
tx_0000B3lUgaqpCpqqgtyh07,28/02/2026,01:44:37,Pot transfer,Money Pot,,Transfers,20.00,GBP,20.00,GBP,,,,,,,20.00
tx_0000B3mE1TJaup7iu7WtDF,28/02/2026,10:12:37,Card payment,Hell Razor,✂️,General,-33.00,GBP,-33.00,GBP,,132 West End Lane,,HELL RAZOR             LONDON        GBR,,-33.00,
tx_0000B3mKutoigOYBN4JSGi,28/02/2026,11:29:52,Card payment,Trainline,🚄,Transport,-27.00,GBP,-27.00,GBP,,120 Holborn,,TRAINLINE              LONDON        GBR,,-27.00,
tx_0000B3mgX1wj0OTNU60qkj,28/02/2026,15:32:04,Card payment,Trading Post Coffee,🍽,Groceries,-8.00,GBP,-8.00,GBP,,Sydney Street,,Sydney Street          Brighton      GBR,,-8.00,
tx_0000B3na7HhdOY22Mo6Rj3,01/03/2026,01:54:54,Pot transfer,Money Pot,,Transfers,20.00,GBP,20.00,GBP,,,,,,,20.00
tx_0000B3na7KvvNsAJpk4Mtu,01/03/2026,01:54:54,Pot transfer,Rent Pot,,Transfers,3412.00,GBP,3412.00,GBP,,,,,,,3412.00
tx_0000B3na7QrXL6EqphhW6M,01/03/2026,01:54:55,Faster payment,Joe Crosby,,General,-3413.00,GBP,-3413.00,GBP,Joe Crosby,,,Joe Crosby,,-3413.00,
tx_0000B3nn3CNsWghR8Emvxq,01/03/2026,04:19:49,overdraft,,,General,-8.48,GBP,-8.48,GBP,This is the charge for your February 2026 overdraft,,,February overdraft fees,,-8.48,
tx_0000B3oCbizYIPahmTjrrn,01/03/2026,09:06:11,Card payment,Vinted,👕,Shopping,-33.25,GBP,-33.25,GBP,,5 New Street Square,,Vinted                 Vilnius       GBR,,-33.25,
tx_0000B3oCejZ6cVtvoBwhve,01/03/2026,09:06:44,Card payment,Vinted,👕,Shopping,-17.87,GBP,-17.87,GBP,,5 New Street Square,,Vinted                 Vilnius       GBR,,-17.87,
tx_0000B3oD3ZOjYjo6U99Rtz,01/03/2026,09:11:13,Card payment,Nowhere Man,🍽,Eating out,-4.05,GBP,-4.05,GBP,,53 Upper North Street,,Nowhere Man            Brighton      GBR,,-4.05,
tx_0000B3oFLJxJuYJYbM7oRe,01/03/2026,09:36:50,Card payment,Vinted,👕,Shopping,-12.90,GBP,-12.90,GBP,,5 New Street Square,,Vinted                 Vilnius       GBR,,-12.90,
tx_0000B3oNYU0gdkA1BMUFQf,01/03/2026,11:08:51,Card payment,Vinted,👕,Shopping,-16.92,GBP,-16.92,GBP,,5 New Street Square,,Vinted                 Vilnius       GBR,,-16.92,
tx_0000B3oOqbTTj6Jf8o1NaL,01/03/2026,11:23:19,Card payment,The Boudica,🍽,Eating out,-19.00,GBP,-19.00,GBP,,110 Western Road,,THE BOUDICA            BRIGHTON      GBR,,-19.00,
tx_0000B3ogM96CSXbrGsyDMw,01/03/2026,14:39:31,Card payment,Vinted,👕,Shopping,-33.90,GBP,-33.90,GBP,,5 New Street Square,,Vinted                 Vilnius       GBR,,-33.90,
tx_0000B3ol9Z5337s8ktejmz,01/03/2026,15:33:16,Card payment,Tesco,🍏 ,Groceries,-13.75,GBP,-13.75,GBP,,23-27 Heath Street,,TESCO STORES 5711      LONDON        GBR,,-13.75,
tx_0000B3p1G715O42p5ddqOE,01/03/2026,18:33:44,Card payment,Microsoft,💻,Entertainment,0.00,GBP,0.00,GBP,Active card check,Thames Valley Park,,"Microsoft*Store        Reading, Berk GBR",,0.00,
tx_0000B3p1IMUIpvqkN3EHcg,01/03/2026,18:34:08,Card payment,Microsoft,💻,Entertainment,0.00,GBP,0.00,GBP,Active card check,Thames Valley Park,,"Microsoft*Store        Reading, Berk GBR",,0.00,
tx_0000B3p1TpN7mnE2LCnMEk,01/03/2026,18:36:13,Card payment,Microsoft,💻,Entertainment,-13.49,GBP,-13.49,GBP,,Microsoft Campus Thames Valley Park,,MICROSOFT*STORE        MSBILL.INFO   GBR,,-13.49,
tx_0000B3pcVm8SUFJuHwK4ll,02/03/2026,01:31:09,Pot transfer,Money Pot,,Transfers,20.00,GBP,20.00,GBP,,,,,,,20.00
tx_0000B3pnxoijZIFBbcoRbo,02/03/2026,03:39:29,Direct Debit,Thames Water,,Bills,-93.00,GBP,-93.00,GBP,900092499220,,,900092499220,,-93.00,
tx_0000B3prlEFfjQsd96WXEQ,02/03/2026,04:22:01,Pot transfer,Bills Pot,,Transfers,23.68,GBP,23.68,GBP,,,,,,,23.68
tx_0000B3prlES4zJKyC4PGaI,02/03/2026,04:22:01,Direct Debit,O2,,Bills,-23.68,GBP,-23.68,GBP,D20535255,,,D20535255,,-23.68,
tx_0000B3pvAMInEo3tivV6u3,02/03/2026,05:00:11,Direct Debit,Octopus Energy,,Bills,-138.23,GBP,-138.23,GBP,J2SSTZW,,,J2SSTZW,,-138.23,
tx_0000B3pvSTslnEW7zAzIOJ,02/03/2026,05:03:27,Pot transfer,My Bills Pot,,Transfers,160.83,GBP,160.83,GBP,,,,,,,160.83
tx_0000B3pvSUDgXTjnKfK9JJ,02/03/2026,05:03:27,Direct Debit,Tabeo,,Bills,-160.83,GBP,-160.83,GBP,S8E6B4B-796040-SMI,,,S8E6B4B-796040-SMI,,-160.83,
tx_0000B3qBs8PxoqEZyoGbEg,02/03/2026,08:07:22,Monzo-to-Monzo,Michael Degroot,,General,77.07,GBP,77.07,GBP,,,,,,,77.07
tx_0000B3qIoH0Ydd6VKE88nZ,02/03/2026,09:25:06,Pot transfer,Bills Pot,,Transfers,176.32,GBP,176.32,GBP,,,,,,,176.32
tx_0000B3rNVFjRqsfle84eRu,02/03/2026,21:52:24,Card payment,Vinted,👕,Shopping,-19.34,GBP,-19.34,GBP,,5 New Street Square,,Vinted                 Vilnius       GBR,,-19.34,
tx_0000B3rgfxWxlLunHOSNrG,03/03/2026,01:27:14,Pot transfer,Money Pot,,Transfers,20.00,GBP,20.00,GBP,,,,,,,20.00
tx_0000B3sah81FqZ37lLM7ST,03/03/2026,11:54:56,Card payment,Prep Kitchen,🍎,Groceries,-44.75,GBP,-44.75,GBP,,Court Lodge Farm Dale Road  Southfleet,,Prep Kitchen           GRAVESEND     GBR,,-44.75,
tx_0000B3saiq7zKz9El0IpRU,03/03/2026,11:55:14,Pot transfer,Food  Pot,,Transfers,50.00,GBP,50.00,GBP,,,,,,,50.00
tx_0000B3skfAFfZgQkqTQLNR,03/03/2026,13:46:37,Card payment,My Hiro By The,🍴,Eating out,-8.28,GBP,-8.28,GBP,,289 Southwark Park Road,,Zettle_*My Hiro by The London        GBR,,-8.28,
tx_0000B3spux3gtUIo1reS8o,03/03/2026,14:45:30,Card payment,Transport for London,🚆,Transport,-7.20,GBP,-7.20,GBP,"Travel charge for Monday, 2 Mar",50 Victoria Street,,TFL TRAVEL CH\VICTORIA STREET\TFL.GOV.UK/CP\SW1H 0TL     GBR,,-7.20,
tx_0000B3tlyccmbTbtg4Xc94,04/03/2026,01:36:03,Pot transfer,Money Pot,,Transfers,20.00,GBP,20.00,GBP,,,,,,,20.00
tx_0000B3uYaKgCZ9Ru6rLvFK,04/03/2026,10:40:43,Card payment,Transport for London,🚆,Transport,-7.20,GBP,-7.20,GBP,"Travel charge for Tuesday, 3 Mar",50 Victoria Street,,TFL TRAVEL CH\VICTORIA STREET\TFL.GOV.UK/CP\SW1H 0TL     GBR,,-7.20,
tx_0000B3vAxQd8P9URmlTgVF,04/03/2026,17:50:41,Card payment,Tesco,🍏 ,Groceries,-11.25,GBP,-11.25,GBP,,23-27 Heath Street,,TESCO STORES 5711      LONDON        GBR,,-11.25,
tx_0000B3vpSs4aQ3fuBDUSR8,05/03/2026,01:24:34,Pot transfer,Money Pot,,Transfers,20.00,GBP,20.00,GBP,,,,,,,20.00
tx_0000B3wgFJ8KJAruGByLI1,05/03/2026,11:15:58,Faster payment,Darktrace Holdings Ltd,,Income,79.80,GBP,79.80,GBP,00010041839,,,00010041839,,,79.80
tx_0000B3xFg64OTxuguYHOhV,05/03/2026,17:53:00,Card payment,Blackfriar,🍽,Eating out,-18.00,GBP,-18.00,GBP,,174 Queen Victoria Street,,Blackfriar             LONDON        GBR,,-18.00,
tx_0000B3xRNWIJxF24DiFsxv,05/03/2026,20:04:06,Card payment,Steam,🎮,Entertainment,-19.99,GBP,-19.99,GBP,,,,STEAMGAMES.COM 4259522 Hamburg       DEU,,-19.99,
tx_0000B3xv9usyj2R2JGsXha,06/03/2026,01:37:47,Pot transfer,Money Pot,,Transfers,20.00,GBP,20.00,GBP,,,,,,,20.00
tx_0000B3y82B4ZxOzjbIwdzo,06/03/2026,04:02:03,Card payment,Transport for London,🚆,Transport,-7.20,GBP,-7.20,GBP,"Travel charge for Thursday, 5 Mar","Windsor House, 42-50 Victoria Street",,TfL Travel Charge      TFL.gov.uk/CP GBR,,-7.20,
tx_0000B3yy1yOgHSIafD2ylF,06/03/2026,13:44:41,Card payment,Sainsbury’s,🍏,Groceries,-7.10,GBP,-7.10,GBP,,255 Finchley Road,,SAINSBURYS PLC         LONDON        GBR,,-7.10,
tx_0000B3yyosWetmq0ngYXCc,06/03/2026,13:53:31,Card payment,West Nine Food & Wine,🍎,Groceries,-4.34,GBP,-4.34,GBP,,124 West End Lane,,WEST NINE FOOD AND WIN LONDON        GBR,,-4.34,
tx_0000B3zZktQ5KUoaHUrj4z,06/03/2026,20:47:23,Card payment,The Exmouth Arms,🍺,Entertainment,-11.40,GBP,-11.40,GBP,,23 Exmouth Market,,The Exmouth Arms       London        GBR,,-11.40,
tx_0000B3zexjRaELYpJZ5Pc1,06/03/2026,21:45:44,Card payment,The Exmouth Arms,🍺,Entertainment,-11.40,GBP,-11.40,GBP,,23 Exmouth Market,,The Exmouth Arms       London        GBR,,-11.40,
tx_0000B3zhr1ufSpl4QmBbEY,06/03/2026,22:18:08,Card payment,The Exmouth Arms,🍺,Entertainment,-11.40,GBP,-11.40,GBP,,23 Exmouth Market,,The Exmouth Arms       London        GBR,,-11.40,
tx_0000B3zkN3H88NzaqTuWpQ,06/03/2026,22:46:20,Card payment,The Exmouth Arms,🍺,Entertainment,-14.10,GBP,-14.10,GBP,,23 Exmouth Market,,The Exmouth Arms       London        GBR,,-14.10,
tx_0000B3zoYvCcNFfHGTdPHf,06/03/2026,23:33:18,Card payment,The Exmouth Arms,🍺,Entertainment,-22.80,GBP,-22.80,GBP,,23 Exmouth Market,,The Exmouth Arms       London        GBR,,-22.80,
tx_0000B3zvztt04lkZV5WvWm,07/03/2026,00:56:36,Card payment,German Doner Kebab,🍖,Eating out,-17.63,GBP,-17.63,GBP,,11A Islington High Street,,GDK ISLINGTON          London        GBR,,-17.63,
tx_0000B3zzW1nGVkt39crJBp,07/03/2026,01:36:02,Pot transfer,Money Pot,,Transfers,20.00,GBP,20.00,GBP,,,,,,,20.00
tx_0000B409IGSICY14NyE0TB,07/03/2026,03:25:35,Card payment,Uber,🚖,Transport,-26.99,GBP,-26.99,GBP,,Aldgate Tower First Floor,,UBER   * PENDING       London        GBR,,-26.99,
tx_0000B409STjXgizBX15LNM,07/03/2026,03:27:26,Card payment,Uber,🚖,Transport,26.99,GBP,26.99,GBP,,Aldgate Tower First Floor,,UBER   * PENDING       London        GBR,,,26.99
tx_0000B409muFCpctOVA4WYb,07/03/2026,03:31:08,Card payment,Bolt,🚖,Transport,-29.53,GBP,-29.53,GBP,,Studio 4 114 Power Road,,BOLT.EUO2603070331     London        GBR,,-29.53,
tx_0000B40C8MH80YQMTFtNVC,07/03/2026,03:57:25,Card payment,Bolt,🚖,Transport,-2.91,GBP,-2.91,GBP,,Studio 4 114 Power Road,,BOLT.EUO2603070331     London        GBR,,-2.91,
tx_0000B40oa1KZGkpND8QCMn,07/03/2026,11:08:12,Card payment,Transport for London,🚆,Transport,-3.10,GBP,-3.10,GBP,"Travel charge for Friday, 6 Mar",50 Victoria Street,,TFL TRAVEL CH\VICTORIA STREET\TFL.GOV.UK/CP\SW1H 0TL     GBR,,-3.10,
tx_0000B40pGX8fOjqmKXCfg2,07/03/2026,11:15:53,Card payment,Brinkworth Dairy W,🍴,Groceries,-8.89,GBP,-8.89,GBP,,Hill End Farm,,SQ *BRINKWORTH DAIRY W Chippenham    GBR,,-8.89,
tx_0000B40pPSvMRAMHqtrPbY,07/03/2026,11:17:30,Card payment,Food Premier L,🍲,Eating out,-13.98,GBP,-13.98,GBP,,,,SumUp  *Food Premier l london        GBR,,-13.98,
tx_0000B40pofie0FcGWtsw5Z,07/03/2026,11:22:03,Card payment,Tesco,🍏 ,Groceries,-1.85,GBP,-1.85,GBP,,23-27 Heath Street,,TESCO STORES 5711      LONDON        GBR,,-1.85,
tx_0000B41AiXZPUAypWMiw1T,07/03/2026,15:16:15,Card payment,Trainline,🚄,Transport,-8.34,GBP,-8.34,GBP,,120 Holborn,,TRAINLINE              LONDON        GBR,,-8.34,
tx_0000B41IzCZPcEckEvMh2v,07/03/2026,16:48:54,Monzo-to-Monzo,Joseph Buckett,,General,1.58,GBP,1.58,GBP,,,,,,,1.58
tx_0000B424KlZ5Of9fihgYK5,08/03/2026,01:39:26,Pot transfer,Money Pot,,Transfers,20.00,GBP,20.00,GBP,,,,,,,20.00
tx_0000B42NOwh9r5XkTtGXDA,08/03/2026,05:13:05,monzo_paid,,,Bills,-17.00,GBP,-17.00,GBP,,,,Max,,-17.00,
tx_0000B432C9x1M4t1Htlie9,08/03/2026,12:50:11,Card payment,Apple,🍎 ,Entertainment,-0.99,GBP,-0.99,GBP,,Hollyhill Estate,,APPLE.COM/BILL         CORK          IRL,,-0.99,
tx_0000B43Jxmfutc4JhljmM5,08/03/2026,16:09:17,Card payment,Trainline,🚄,Transport,-7.75,GBP,-7.75,GBP,,120 Holborn,,TRAINLINE              LONDON        GBR,,-7.75,
tx_0000B446kBElfnV1EOHSNB,09/03/2026,01:15:52,Pot transfer,Money Pot,,Transfers,20.00,GBP,20.00,GBP,,,,,,,20.00
tx_0000B456foErQwArlbcwN8,09/03/2026,12:49:47,Faster payment,GILLIAN MARIE ANGEL,,General,-30.00,GBP,-30.00,GBP,Sent from Monzo,,,Sent from Monzo,,-30.00,
tx_0000B46DKRwU1ttgAA2zBK,10/03/2026,01:39:04,Pot transfer,Money Pot,,Transfers,20.00,GBP,20.00,GBP,,,,,,,20.00
tx_0000B48Gp6aYA0tEVlax0c,11/03/2026,01:27:39,Pot transfer,Money Pot,,Transfers,20.00,GBP,20.00,GBP,,,,,,,20.00
tx_0000B49ABMDeDotOZMH1jV,11/03/2026,11:47:57,Card payment,Prep Kitchen,🍎,Groceries,-53.70,GBP,-53.70,GBP,,Court Lodge Farm Dale Road  Southfleet,,Prep Kitchen           GRAVESEND     GBR,,-53.70,
tx_0000B49BapGfSMYlr8OVqD,11/03/2026,12:03:45,Card payment,Transport for London,🚆,Transport,-7.20,GBP,-7.20,GBP,"Travel charge for Tuesday, 10 Mar",50 Victoria Street,,TFL TRAVEL CH\VICTORIA STREET\TFL.GOV.UK/CP\SW1H 0TL     GBR,,-7.20,
tx_0000B49Bd7wP08Nw5BWx07,11/03/2026,12:04:10,Pot transfer,Food  Pot,,Transfers,50.00,GBP,50.00,GBP,,,,,,,50.00
tx_0000B49WvUC969wjLsUQpl,11/03/2026,16:02:48,Card payment,Sainsbury’s,🍏,Groceries,-0.16,GBP,-0.16,GBP,,255 Finchley Road,,SAINSBURYS PLC         LONDON        GBR,,-0.16,
tx_0000B4ALw7veSoF8soJGQo,12/03/2026,01:34:22,Pot transfer,Money Pot,,Transfers,20.00,GBP,20.00,GBP,,,,,,,20.00
tx_0000B4BHBzDGKeVXdH5OWQ,12/03/2026,12:15:55,Card payment,Virgin Active,💪,Entertainment,-7.50,GBP,-7.50,GBP,,80 80 The Strand,,Strand                 London        GBR,,-7.50,
tx_0000B4CR1282LPpK6KCdW5,13/03/2026,01:40:42,Pot transfer,Money Pot,,Transfers,20.00,GBP,20.00,GBP,,,,,,,20.00
tx_0000B4Cc01bdttUJgdlwuH,13/03/2026,03:43:47,Card payment,Transport for London,🚆,Transport,-7.20,GBP,-7.20,GBP,"Travel charge for Thursday, 12 Mar","Windsor House, 42-50 Victoria Street",,TfL Travel Charge      TFL.gov.uk/CP GBR,,-7.20,
tx_0000B4D4Y3ffWkCEQvlovM,13/03/2026,09:03:40,Card payment,Londis,🛒,Groceries,-3.38,GBP,-3.38,GBP,,33 Mill Lane,,LONDIS                  GREAT BRITAI GBR,,-3.38,
tx_0000B4DMXRdcjOcf8ir2uI,13/03/2026,12:25:15,Card payment,Sainsbury’s,🍏,Groceries,-4.18,GBP,-4.18,GBP,,255 Finchley Road,,SAINSBURYS PLC         LONDON        GBR,,-4.18,
tx_0000B4EUtKAu9YXkH7I6k5,14/03/2026,01:33:33,Pot transfer,Money Pot,,Transfers,20.00,GBP,20.00,GBP,,,,,,,20.00
tx_0000B4FK6EdNA1YlXWo6Fx,14/03/2026,11:07:20,Card payment,Sainsbury’s,🍏,Groceries,-80.67,GBP,-80.67,GBP,,255 Finchley Road,,SAINSBURYS PLC         LONDON        GBR,,-80.67,
tx_0000B4FL7zVaT4ydbQrpPH,14/03/2026,11:18:52,Card payment,Wardine LTD - 8,🍎,Groceries,-7.00,GBP,-7.00,GBP,,"Pool House Waste Road,",,WARDINE LTD - 8        Trefynwy      GBR,,-7.00,
tx_0000B4FxEi65OiyWljEHoZ,14/03/2026,18:25:52,Card payment,Londis,🛒,Groceries,-7.27,GBP,-7.27,GBP,,33 Mill Lane,,LONDIS                  GREAT BRITAI GBR,,-7.27,
tx_0000B4GZTZZz940vcHogoz,15/03/2026,01:34:21,Pot transfer,Money Pot,,Transfers,20.00,GBP,20.00,GBP,,,,,,,20.00
tx_0000B4HHClFoshzEE1IcuS,15/03/2026,09:44:20,Card payment,Londis,🛒,Groceries,-6.44,GBP,-6.44,GBP,,33 Mill Lane,,LONDIS                  GREAT BRITAI GBR,,-6.44,
tx_0000B4HTnIuUQSLx6qVNn0,15/03/2026,12:05:24,Card payment,Londis,🛒,Groceries,-2.49,GBP,-2.49,GBP,,33 Mill Lane,,LONDIS                  GREAT BRITAI GBR,,-2.49,
tx_0000B4HZT36w3af7PXKWOX,15/03/2026,13:08:58,Card payment,Grocery Post,🍎,Groceries,-7.25,GBP,-7.25,GBP,,280 West End Lane,,SQ *GROCERY POST - WES London        GBR,,-7.25,
tx_0000B4He9xyPQv5glllG8v,15/03/2026,14:01:32,Card payment,Hair J,✂️,General,-25.00,GBP,-25.00,GBP,,67 Mill Lane,,HAIR J                 LONDON        GBR,,-25.00,
tx_0000B4Hkpdq3HdtFblAlrm,15/03/2026,15:16:18,Card payment,Londis,🛒,Groceries,-2.98,GBP,-2.98,GBP,,33 Mill Lane,,LONDIS                  GREAT BRITAI GBR,,-2.98,
tx_0000B4IeFEIgLrOMz5is5Z,16/03/2026,01:37:12,Pot transfer,Money Pot,,Transfers,20.00,GBP,20.00,GBP,,,,,,,20.00
tx_0000B4Jf3ZCh6N7fQgQnvW,16/03/2026,13:21:00,Faster payment,James Angel,,Transfers,-72.76,GBP,-72.76,GBP,Sent from Monzo,,,Sent from Monzo,,-72.76,
tx_0000B4Kjkzi51QAa7poC4V,17/03/2026,01:48:23,Pot transfer,Money Pot,,Transfers,20.00,GBP,20.00,GBP,,,,,,,20.00
tx_0000B4LKNuT42iTPAqwpHg,17/03/2026,08:38:48,Card payment,WHSmith,📰,Groceries,-5.49,GBP,-5.49,GBP,,North Railway Station,,WH Smith Blackfriars   London        GBR,,-5.49,
tx_0000B4LT1fblVcO6gpYwJW,17/03/2026,10:15:38,Card payment,Prep Kitchen,🍎,Groceries,-53.70,GBP,-53.70,GBP,,Court Lodge Farm Dale Road  Southfleet,,Prep Kitchen           GRAVESEND     GBR,,-53.70,
tx_0000B4MAe0G9TKxqf4p3zg,17/03/2026,18:24:22,Card payment,Tesco,🍏 ,Groceries,-9.75,GBP,-9.75,GBP,,23-27 Heath Street,,TESCO STORES 5711      LONDON        GBR,,-9.75,
tx_0000B4MncKYqutRbtRYu2c,18/03/2026,01:40:55,Pot transfer,Money Pot,,Transfers,20.00,GBP,20.00,GBP,,,,,,,20.00
tx_0000B4NRdtL95iG3a4uiAb,18/03/2026,09:09:33,Pot transfer,Food  Pot,,Transfers,50.00,GBP,50.00,GBP,,,,,,,50.00
tx_0000B4NRhTttcIF957z9DF,18/03/2026,09:10:12,Pot transfer,Savings Pot,,Savings,269.26,GBP,269.26,GBP,,,,,,,269.26
tx_0000B4NRlnzqqGP847JFar,18/03/2026,09:10:59,Monzo-to-Monzo,Anna Fountain,,General,-66.00,GBP,-66.00,GBP,Field day,,,,,-66.00,
tx_0000B4NhmBQTKYlsrAsmrS,18/03/2026,12:10:20,Card payment,Transport for London,🚆,Transport,-7.20,GBP,-7.20,GBP,"Travel charge for Tuesday, 17 Mar",50 Victoria Street,,TFL TRAVEL CH\VICTORIA STREET\TFL.GOV.UK/CP\SW1H 0TL     GBR,,-7.20,
tx_0000B4NuqOCr3PwigLxgbj,18/03/2026,14:36:45,Card payment,West Nine Food & Wine,🍎,Groceries,-4.19,GBP,-4.19,GBP,,124 West End Lane,,WEST NINE FOOD AND WIN LONDON        GBR,,-4.19,
tx_0000B4Or4NXu6M5gIaxLEX,19/03/2026,01:29:10,Pot transfer,Money Pot,,Transfers,20.00,GBP,20.00,GBP,,,,,,,20.00
tx_0000B4OzVSXuQ11tUC0AAj,19/03/2026,03:03:43,Direct Debit,Virgin Media,,Entertainment,-29.99,GBP,-29.99,GBP,111850705001,,,111850705001,,-29.99,
tx_0000B4PeWKninOvGhZeZMH,19/03/2026,10:43:16,Card payment,Apple,🍎 ,Entertainment,-16.99,GBP,-16.99,GBP,,Hollyhill Estate,,APPLE.COM/BILL         CORK          IRL,,-16.99,
tx_0000B4QFw7yKoPVTEHNzmM,19/03/2026,17:42:31,Card payment,Anchor Bankside,🍻,Entertainment,-19.30,GBP,-19.30,GBP,,34 Park Street,,ANCHOR BANKSIDE (SOUTH SOUTHWARK     GBR,,-19.30,
tx_0000B4QwfM3VUdrN87x38k,20/03/2026,01:41:18,Pot transfer,Money Pot,,Transfers,20.00,GBP,20.00,GBP,,,,,,,20.00
tx_0000B4RqwPvFxpcqZ2WeNG,20/03/2026,12:11:52,Card payment,Transport for London,🚆,Transport,-7.20,GBP,-7.20,GBP,"Travel charge for Thursday, 19 Mar",50 Victoria Street,,TFL TRAVEL CH\VICTORIA STREET\TFL.GOV.UK/CP\SW1H 0TL     GBR,,-7.20,
tx_0000B4SNPFeCRVAfkgg28x,20/03/2026,18:15:38,Card payment,Uber Eats,🍽,Eating out,-23.10,GBP,-23.10,GBP,,Aldgate Tower First Floor,,UBER   * EATS PENDING  London        GBR,,-23.10,
tx_0000B4T0yIWjcmzGKEezcw,21/03/2026,01:38:58,Pot transfer,Money Pot,,Transfers,20.00,GBP,20.00,GBP,,,,,,,20.00
tx_0000B4TsGUAgMi89rqnlOV,21/03/2026,11:36:07,Card payment,Aldi,🍏,Groceries,-0.16,GBP,-0.16,GBP,,255 Finchley Road,,ALDI (781-119)         LONDON        GBR,,-0.16,
tx_0000B4U0E7ERTuMEm9Tk8o,21/03/2026,13:05:20,Card payment,Kodak Express Kilburn,🏫,Shopping,-55.97,GBP,-55.97,GBP,,10 Kilburn High Road,,Kodak Express Kilburn  London        GBR,,-55.97,
tx_0000B4UA1NNn7YuVtVY4HL,21/03/2026,14:55:05,Card payment,The Starman,🍸,Entertainment,-23.50,GBP,-23.50,GBP,,15 Heddon Street,,The Starman            London        GBR,,-23.50,
tx_0000B4UD7wbPO6zdlwyi94,21/03/2026,15:29:53,Card payment,The Starman,🍸,Entertainment,-6.90,GBP,-6.90,GBP,,15 Heddon Street,,The Starman            London        GBR,,-6.90,
tx_0000B4UKMIQZjp42tlKeYr,21/03/2026,16:50:55,Card payment,The Starman,🍸,Entertainment,-6.90,GBP,-6.90,GBP,,15 Heddon Street,,The Starman            London        GBR,,-6.90,
tx_0000B4UQp9N15lRNUyXBVT,21/03/2026,18:03:21,Card payment,The Starman,🍸,Entertainment,-7.50,GBP,-7.50,GBP,,15 Heddon Street,,The Starman            London        GBR,,-7.50,
tx_0000B4UbjYvmFBlAJxevnp,21/03/2026,20:05:36,Card payment,Sainsbury’s,🍏,Groceries,-18.45,GBP,-18.45,GBP,,31-41 Liverpool Road,,SAINSBURYS SUPERMARKET LONDON        GBR,,-18.45,
tx_0000B4V5cXBdKOxrb4fqPB,22/03/2026,01:40:29,Pot transfer,Money Pot,,Transfers,20.00,GBP,20.00,GBP,,,,,,,20.00
tx_0000B4VBUPdg6blyhlkoRF,22/03/2026,02:46:15,Card payment,Transport for London,🚆,Transport,-6.10,GBP,-6.10,GBP,"Travel charge for Saturday, 21 Mar","Windsor House, 42-50 Victoria Street",,TfL Travel Charge      TFL.gov.uk/CP GBR,,-6.10,
tx_0000B4VDX7D3HYkpDRGSPp,22/03/2026,03:09:09,Card payment,Uber,🚖,Transport,-27.81,GBP,-27.81,GBP,,Aldgate Tower First Floor,,UBER   * PENDING       London        GBR,,-27.81,
tx_0000B4VESnjzp9u3dABGEr,22/03/2026,03:19:34,Card payment,Uber,🚖,Transport,-29.95,GBP,-29.95,GBP,,Aldgate Tower First Floor,,UBER   * PENDING       London        GBR,,-29.95,
tx_0000B4VEsGRUFYJNt0fH6o,22/03/2026,03:24:10,Card payment,Uber,🚖,Transport,29.95,GBP,29.95,GBP,,Aldgate Tower First Floor,,UBER   * PENDING       London        GBR,,,29.95
tx_0000B4VEsJMHPNBh3LtGcL,22/03/2026,03:24:11,Card payment,Uber,🚖,Transport,27.81,GBP,27.81,GBP,,Aldgate Tower First Floor,,UBER   * PENDING       London        GBR,,,27.81
tx_0000B4VOw4L2C3N29dYFph,22/03/2026,05:16:55,Card payment,Uber,🚖,Transport,-24.95,GBP,-24.95,GBP,,Aldgate Tower First Floor,,UBER   *TRIP           London        GBR,,-24.95,
tx_0000B4W43K8Vx2DlBwONG5,22/03/2026,12:57:38,Card payment,Tesco,🍏 ,Groceries,-16.60,GBP,-16.60,GBP,,23-27 Heath Street,,TESCO STORES 5711      LONDON        GBR,,-16.60,
tx_0000B4WWg0S5rs8yg53bMY,22/03/2026,18:18:22,Card payment,Londis,🛒,Groceries,-8.57,GBP,-8.57,GBP,,33 Mill Lane,,LONDIS                  GREAT BRITAI GBR,,-8.57,
tx_0000B4XAE9gfvzRo3ouq0n,23/03/2026,01:41:32,Pot transfer,Money Pot,,Transfers,20.00,GBP,20.00,GBP,,,,,,,20.00
tx_0000B4ZDt5MtaN9zM9oQ6b,24/03/2026,01:31:58,Pot transfer,Money Pot,,Transfers,20.00,GBP,20.00,GBP,,,,,,,20.00
tx_0000B4Zuuc4DnHP4At3gRw,24/03/2026,09:34:03,Monzo-to-Monzo,Joseph Buckett,,General,19.99,GBP,19.99,GBP,,,,,,,19.99
tx_0000B4a6iPlYty45rOZvGs,24/03/2026,11:46:18,Card payment,Transport for London,🚆,Transport,-7.20,GBP,-7.20,GBP,"Travel charge for Monday, 23 Mar",50 Victoria Street,,TFL TRAVEL CH\VICTORIA STREET\TFL.GOV.UK/CP\SW1H 0TL     GBR,,-7.20,
tx_0000B4a94xV4MMqgyWjFoI,24/03/2026,12:12:48,Card payment,Prep Kitchen,🍎,Groceries,-49.50,GBP,-49.50,GBP,,Court Lodge Farm Dale Road  Southfleet,,Prep Kitchen           GRAVESEND     GBR,,-49.50,
tx_0000B4aOtfSyfPk874gh17,24/03/2026,15:10:02,Pot transfer,Food  Pot,,Transfers,100.00,GBP,100.00,GBP,,,,,,,100.00
tx_0000B4aXU27GjS2x7g50mA,24/03/2026,16:46:15,Card payment,Formnutrition.com,🍎,Shopping,-43.20,GBP,-43.20,GBP,,Great Western Studios65 Alfred Road,,FORMNUTRITION.COM      LONDON        GBR,,-43.20,
tx_0000B4aeefbZT5F1335mK1,24/03/2026,18:06:36,Card payment,Apple,🍎 ,Entertainment,-5.99,GBP,-5.99,GBP,,Hollyhill Industrial Estate,,APPLE.COM/BILL         CORK          IRL,,-5.99,
tx_0000B4bIoMkIRBn4SJWesU,25/03/2026,01:36:33,Pot transfer,Money Pot,,Transfers,20.00,GBP,20.00,GBP,,,,,,,20.00
tx_0000B4bzSj2TAS59iY813Z,25/03/2026,09:34:28,Card payment,Londis,🛒,Groceries,-11.59,GBP,-11.59,GBP,,33 Mill Lane,,LONDIS                  GREAT BRITAI GBR,,-11.59,
tx_0000B4c8eS6iqKSaFVJlib,25/03/2026,11:17:26,Card payment,Microsoft Pc Game Pass,👾,Entertainment,-13.49,GBP,-13.49,GBP,,"Microsoft Campus, Thames Valley Park",,"MICROSOFT*PC GAME PASS READING, BERK GBR",,-13.49,
tx_0000B4cCj9IoaQMv9D0tsX,25/03/2026,12:03:06,Card payment,Transport for London,🚆,Transport,-6.70,GBP,-6.70,GBP,"Travel charge for Tuesday, 24 Mar",50 Victoria Street,,TFL TRAVEL CH\VICTORIA STREET\TFL.GOV.UK/CP\SW1H 0TL     GBR,,-6.70,
tx_0000B4cpoTixyyzACvhRr9,25/03/2026,19:21:03,Card payment,Uber Eats,🍽,Eating out,-23.11,GBP,-23.11,GBP,,Aldgate Tower First Floor,,UBER   * EATS PENDING  London        GBR,,-23.11,
tx_0000B4dNcEpkurzy0l0dOe,26/03/2026,01:39:49,Pot transfer,Money Pot,,Transfers,20.00,GBP,20.00,GBP,,,,,,,20.00
tx_0000B4fPuT5rE5TBQLOAkb,27/03/2026,01:14:56,Faster payment,Darktrace Holdings Ltd,,Income,3743.87,GBP,3743.87,GBP,00010043917,,,00010043917,,,3743.87
tx_0000B4fRkMCOCmv6dxcfW1,27/03/2026,01:35:31,Pot transfer,Money Pot,,Transfers,20.00,GBP,20.00,GBP,,,,,,,20.00
tx_0000B4g5mkmll9Sktcs2NN,27/03/2026,09:04:09,Pot transfer,Rent Pot,,Transfers,-1349.00,GBP,-1349.00,GBP,,,,,,-1349.00,
tx_0000B4g5oZS6rohiW5bSG9,27/03/2026,09:04:29,Pot transfer,Bills Pot,,Transfers,-150.00,GBP,-150.00,GBP,,,,,,-150.00,
tx_0000B4g5pWeCmUgZhWViKR,27/03/2026,09:04:39,Pot transfer,Food  Pot,,Transfers,-200.00,GBP,-200.00,GBP,,,,,,-200.00,
tx_0000B4g5vvGWAJ37QezbaV,27/03/2026,09:05:49,Pot transfer,Money Pot,,Transfers,-600.00,GBP,-600.00,GBP,,,,,,-600.00,
tx_0000B4g5xmOI8DlbKWX7yc,27/03/2026,09:06:09,Pot transfer,My Bills Pot,,Transfers,-161.00,GBP,-161.00,GBP,,,,,,-161.00,
tx_0000B4g62o875qN85m2SBN,27/03/2026,09:07:03,Faster payment,James Angel,,Transfers,-1000.00,GBP,-1000.00,GBP,Sent from Monzo,,,Sent from Monzo,,-1000.00,
tx_0000B4g7G9gKNKPsFMlV24,27/03/2026,09:20:40,Card payment,Londis,🛒,Groceries,-5.23,GBP,-5.23,GBP,,33 Mill Lane,,LONDIS                  GREAT BRITAI GBR,,-5.23,
tx_0000B4hWTrUZUaxg5TTgKv,28/03/2026,01:37:59,Pot transfer,Money Pot,,Transfers,20.00,GBP,20.00,GBP,,,,,,,20.00
tx_0000B4iOyyzd37fCZm8e6E,28/03/2026,11:48:41,Card payment,Tesco,🍏 ,Groceries,-6.50,GBP,-6.50,GBP,,Bridge Street,,TESCO STORES           WESTMINSTER   GBR,,-6.50,
tx_0000B4iPvjE5JUh5TVeB8L,28/03/2026,11:59:18,Card payment,The Old Shades,🍺,Eating out,-15.90,GBP,-15.90,GBP,,37 Whitehall,,Old Shades             London        GBR,,-15.90,
tx_0000B4iTuCqkbOjoMqUNbW,28/03/2026,12:43:51,Card payment,Co-op,🍏,Groceries,-1.25,GBP,-1.25,GBP,,456-459 Strand,,CO-OP FOOD             LONDON        GBR,,-1.25,
tx_0000B4izRfucfOI2UpszS7,28/03/2026,18:37:15,Card payment,Hobsons Fish Chips Ch,🍽,Eating out,-27.71,GBP,-27.71,GBP,,Villiers Street,,Hobsons Fish Chips Ch  London        GBR,,-27.71,
tx_0000B4jatLGwhCDflEYda1,29/03/2026,01:36:50,Pot transfer,Money Pot,,Transfers,20.00,GBP,20.00,GBP,,,,,,,20.00
tx_0000B4jrXHAOygl19bEuNG,29/03/2026,04:43:20,Card payment,Transport for London,🚆,Transport,-6.20,GBP,-6.20,GBP,"Travel charge for Saturday, 28 Mar","Windsor House, 42-50 Victoria Street",,TfL Travel Charge      TFL.gov.uk/CP GBR,,-6.20,
tx_0000B4kLmTvmnfPB28QS3d,29/03/2026,10:22:14,Card payment,The Mill House Cafe,🍽,Eating out,-15.00,GBP,-15.00,GBP,,37 Mill Lane,,THE MILL HOUSE CAFE    United Kingdo GBR,,-15.00,
tx_0000B4kTlKwfWSXLYipgRf,29/03/2026,11:51:40,Card payment,Sainsbury’s,🍏,Groceries,-10.70,GBP,-10.70,GBP,,255 Finchley Road,,SAINSBURYS PLC         LONDON        GBR,,-10.70,
tx_0000B4kweTArQVkZKIo7Ck,29/03/2026,17:15:22,Card payment,Pizza Bun,🍴,Eating out,-18.45,GBP,-18.45,GBP,,,,SQ *PIZZA BUN          London        GBR,,-18.45,
tx_0000B4lf39Q4PIpYercSMT,30/03/2026,01:32:51,Pot transfer,Money Pot,,Transfers,20.00,GBP,20.00,GBP,,,,,,,20.00
tx_0000B4loFhLD0phJThNKPC,30/03/2026,03:15:58,Pot transfer,Bills Pot,,Transfers,23.68,GBP,23.68,GBP,,,,,,,23.68
tx_0000B4loFhqP8qeR2RyF1t,30/03/2026,03:15:58,Direct Debit,O2,,Bills,-23.68,GBP,-23.68,GBP,D20535255,,,D20535255,,-23.68,
tx_0000B4mEANoCnsFulclJHH,30/03/2026,08:06:20,Bank transfer,Joseph Buckett,,Income,1158.00,GBP,1158.00,GBP,Rent,,,Rent,,,1158.00
tx_0000B4mH88fcPu4YtwFcF2,30/03/2026,08:39:33,Pot transfer,Rent Pot,,Transfers,-1158.00,GBP,-1158.00,GBP,,,,,,-1158.00,
tx_0000B4njdqrx7zHewP08bT,31/03/2026,01:33:44,Pot transfer,Money Pot,,Transfers,20.00,GBP,20.00,GBP,,,,,,,20.00
tx_0000B4ns1T00KLOVCD58b4,31/03/2026,03:07:38,Pot transfer,Gym Pot,,Transfers,96.00,GBP,96.00,GBP,,,,,,,96.00
tx_0000B4ns1TJV9rLtAOSu6E,31/03/2026,03:07:38,Direct Debit,Virgin Active,,Entertainment,-96.00,GBP,-96.00,GBP,006800150823010018,,,006800150823010018,,-96.00,
tx_0000B4oPwgpmrF1AoZoRkJ,31/03/2026,09:27:44,Card payment,Transport for London,🚆,Transport,-7.20,GBP,-7.20,GBP,"Travel charge for Monday, 30 Mar",50 Victoria Street,,TFL TRAVEL CH\VICTORIA STREET\TFL.GOV.UK/CP\SW1H 0TL     GBR,,-7.20,
tx_0000B4oZDN8sE0e4SCQwNN,31/03/2026,11:11:36,Faster payment,MICHAEL DEGROOT,,Income,960.00,GBP,960.00,GBP,R22b rent,,,R22b rent,,,960.00
tx_0000B4oZGzilFKTdC7O8pP,31/03/2026,11:12:15,Pot transfer,Rent Pot,,Transfers,-960.00,GBP,-960.00,GBP,,,,,,-960.00,
tx_0000B4prDU8GEDzHFhj37V,01/04/2026,02:08:01,Pot transfer,Money Pot,,Transfers,20.00,GBP,20.00,GBP,,,,,,,20.00
tx_0000B4prDYqigsmeTXFQyR,01/04/2026,02:08:02,Pot transfer,Rent Pot,,Transfers,3467.00,GBP,3467.00,GBP,,,,,,,3467.00
tx_0000B4prDdYpAqRL5TuiH4,01/04/2026,02:08:03,Faster payment,Joe Crosby,,General,-3467.00,GBP,-3467.00,GBP,Joe Crosby,,,Joe Crosby,,-3467.00,
tx_0000B4pyjMjrx4xvFZQE6M,01/04/2026,03:29:25,Direct Debit,Thames Water,,Bills,-93.00,GBP,-93.00,GBP,900092499220,,,900092499220,,-93.00,
tx_0000B4pz0S2FVrSrFa4C5S,01/04/2026,03:31:53,overdraft,,,General,-4.52,GBP,-4.52,GBP,This is the charge for your March 2026 overdraft,,,March overdraft fees,,-4.52,
tx_0000B4q4Rnph4tG1oKCNJi,01/04/2026,04:28:08,Direct Debit,Octopus Energy,,Bills,-155.26,GBP,-155.26,GBP,J2SSTZW,,,J2SSTZW,,-155.26,
tx_0000B4q4E9rYNGVzkxMdMH,01/04/2026,04:33:49,Pot transfer,My Bills Pot,,Transfers,160.83,GBP,160.83,GBP,,,,,,,160.83
tx_0000B4q4fxsCXpU0zG54Nd,01/04/2026,04:33:49,Direct Debit,Tabeo,,Bills,-160.83,GBP,-160.83,GBP,S8E6B4B-796040-SMI,,,S8E6B4B-796040-SMI,,-160.83,
tx_0000B4q8I2wURgTYRHGbsg,01/04/2026,05:19:20,Monzo-to-Monzo,Michael Degroot,,General,82.76,GBP,82.76,GBP,,,,,,,82.76
tx_0000B4qQXgXxHJsmmvOiZ8,01/04/2026,08:43:51,Pot transfer,Bills Pot,,Transfers,126.32,GBP,126.32,GBP,,,,,,,126.32
tx_0000B4qR2fdihVqJ7wdLQP,01/04/2026,08:49:27,Card payment,Prep Kitchen,🍎,Groceries,-61.35,GBP,-61.35,GBP,,Court Lodge Farm Dale Road  Southfleet,,Prep Kitchen           GRAVESEND     GBR,,-61.35,
tx_0000B4qR9ddIYngRtLfGaX,01/04/2026,08:50:43,Monzo-to-Monzo,Joseph Buckett,,General,27.25,GBP,27.25,GBP,,,,,,,27.25
tx_0000B4qhGBRXMkiyKbcdS2,01/04/2026,11:51:10,Card payment,Transport for London,🚆,Transport,-7.20,GBP,-7.20,GBP,"Travel charge for Tuesday, 31 Mar",50 Victoria Street,,TFL TRAVEL CH\VICTORIA STREET\TFL.GOV.UK/CP\SW1H 0TL     GBR,,-7.20,
tx_0000B4qiSLbRWAVPBIKtgR,01/04/2026,12:04:35,Pot transfer,Food  Pot,,Transfers,50.00,GBP,50.00,GBP,,,,,,,50.00
tx_0000B4r00ZwYPAeJhJMvPm,01/04/2026,15:21:15,Monzo-to-Monzo,Joseph Buckett,,General,-11.00,GBP,-11.00,GBP,Pizza & mayo,,,,,-11.00,
tx_0000B4r6abUairbiRzzcQM,01/04/2026,16:34:59,Card payment,Londis,🛒,Groceries,-4.44,GBP,-4.44,GBP,,33 Mill Lane,,LONDIS                  GREAT BRITAI GBR,,-4.44,
tx_0000B4rsFtHoAMNQ67mKZ7,02/04/2026,01:29:05,Pot transfer,Money Pot,,Transfers,20.00,GBP,20.00,GBP,,,,,,,20.00
tx_0000B4sz5kz94HMDtzXbHf,02/04/2026,14:20:24,Card payment,Best Save,🍎,Groceries,-2.99,GBP,-2.99,GBP,,110 Mill Lane,,Best Save              London        GBR,,-2.99,
tx_0000B4t37vPffUUY3Mgrb9,02/04/2026,15:05:37,Card payment,Hair J,✂️,General,-30.00,GBP,-30.00,GBP,,67 Mill Lane,,HAIR J                 LONDON        GBR,,-30.00,
tx_0000B4txcimMHnkkruQbiu,03/04/2026,01:38:40,Pot transfer,Money Pot,,Transfers,20.00,GBP,20.00,GBP,,,,,,,20.00
tx_0000B4v9E9Vl9VAUQdV9fu,03/04/2026,15:23:23,Card payment,Sainsbury’s,🍏,Groceries,-12.75,GBP,-12.75,GBP,,255 Finchley Road,,SAINSBURYS PLC         LONDON        GBR,,-12.75,
tx_0000B4w21Su5EfsqORHV9m,04/04/2026,01:37:23,Pot transfer,Money Pot,,Transfers,20.00,GBP,20.00,GBP,,,,,,,20.00
tx_0000B4wyeUubUs1DN5q9on,04/04/2026,12:34:19,Card payment,Trainline,🚄,Transport,-7.75,GBP,-7.75,GBP,,120 Holborn,,TRAINLINE              LONDON        GBR,,-7.75,
tx_0000B4x20M5VHm3bRDy3NL,04/04/2026,13:11:53,Card payment,Sainsbury’s,🍏,Groceries,-14.41,GBP,-14.41,GBP,,STATION APPROACH,,SAINSBURYS ST ALBANS S ST ALBANS     GBR,,-14.41,
tx_0000B4x2LO5x1AWEQgI9pp,04/04/2026,13:15:41,Card payment,Uber,🚖,Transport,-9.52,GBP,-9.52,GBP,,Aldgate Tower First Floor,,UBER   * PENDING       London        GBR,,-9.52,
tx_0000B4y5JN2cSVLkDJ9pnJ,05/04/2026,01:23:39,Card payment,Transport for London,🚆,Transport,-7.40,GBP,-7.40,GBP,"Travel charge for Saturday, 4 Apr","Windsor House, 42-50 Victoria Street",,TfL Travel Charge      TFL.gov.uk/CP GBR,,-7.40,
tx_0000B4y6fGty49koweDrmr,05/04/2026,01:38:49,Pot transfer,Money Pot,,Transfers,20.00,GBP,20.00,GBP,,,,,,,20.00
tx_0000B4yvbHVkxA1zlSKSN0,05/04/2026,11:09:33,Pot transfer,Bills Pot,,Transfers,-47.48,GBP,-47.48,GBP,,,,,,-47.48,
tx_0000B4ywMsMZkwuXBXJXsI,05/04/2026,11:18:08,Card payment,Amazon,📦,Shopping,0.00,GBP,0.00,GBP,Active card check,,,AMAZON EU              LONDON        GBR,,0.00,
tx_0000B4ywQ5wbibeR2dvTtL,05/04/2026,11:18:44,Pot transfer,Bills Pot,,Transfers,47.48,GBP,47.48,GBP,,,,,,,47.48
tx_0000B4ywfLM8hSNGyCkToa,05/04/2026,11:21:29,Card payment,Amazon,📦,Shopping,-47.48,GBP,-47.48,GBP,,1 Principal Place Worship Street,,AMAZON.CO.UK           LONDON        GBR,,-47.48,
tx_0000B4ywurdmws1QBxSfzd,05/04/2026,11:24:18,Card payment,Apple,🍎 ,Entertainment,-20.00,GBP,-20.00,GBP,,Hollyhill Industrial Estate,,APPLE.COM/BILL         CORK          IRL,,-20.00,
tx_0000B50B8wG6AX28MluT0V,06/04/2026,01:38:25,Pot transfer,Money Pot,,Transfers,20.00,GBP,20.00,GBP,,,,,,,20.00
tx_0000B50aa8dujN4VxmdxGG,06/04/2026,06:23:28,Card payment,Transport for London,🚆,Transport,-7.40,GBP,-7.40,GBP,"Travel charge for Sunday, 5 Apr",50 Victoria Street,,TFL TRAVEL CH\VICTORIA STREET\TFL.GOV.UK/CP\SW1H 0TL     GBR,,-7.40,
tx_0000B50gbJg1n7dV78sOxd,06/04/2026,07:30:54,Card payment,Trainline,🚄,Transport,-7.85,GBP,-7.85,GBP,,120 Holborn,,TRAINLINE              LONDON        GBR,,-7.85,
tx_0000B519ci6JMmNyPxlthb,06/04/2026,12:56:06,Card payment,West Nine Food & Wine,🍎,Groceries,-2.49,GBP,-2.49,GBP,,124 West End Lane,,WEST NINE FOOD AND WIN LONDON        GBR,,-2.49,
tx_0000B51I9LvbckYiS59lRq,06/04/2026,14:31:38,Card payment,size?,👟,Shopping,-140.00,GBP,-140.00,GBP,,Hollinsbrook Way,,Size?                  Bury          GBR,,-140.00,
tx_0000B52GMW0PSiWajTRFMR,07/04/2026,01:46:19,Pot transfer,Money Pot,,Transfers,20.00,GBP,20.00,GBP,,,,,,,20.00
tx_0000B52fm4s9SlGW2VBNcP,07/04/2026,06:31:04,Card payment,Transport for London,🚆,Transport,-6.20,GBP,-6.20,GBP,"Travel charge for Monday, 6 Apr",50 Victoria Street,,TFL TRAVEL CH\VICTORIA STREET\TFL.GOV.UK/CP\SW1H 0TL     GBR,,-6.20,
tx_0000B537PddKqyfeFnQOFX,07/04/2026,11:40:45,Faster payment,Aklamio GmbH,,Income,50.00,GBP,50.00,GBP,Aklamio Rewards,,,Aklamio Rewards,,,50.00
tx_0000B53UkkjvvPZLZ8dVn2,07/04/2026,16:02:17,Pot transfer,Savings Pot,,Savings,62.91,GBP,62.91,GBP,,,,,,,62.91
tx_0000B54JXNHKwB3iSGYAza,08/04/2026,01:31:19,Card payment,Transport for London,🚆,Transport,-7.20,GBP,-7.20,GBP,"Travel charge for Tuesday, 7 Apr","Windsor House, 42-50 Victoria Street",,TfL Travel Charge      TFL.gov.uk/CP GBR,,-7.20,
tx_0000B54K0VOBrTbiFgjcll,08/04/2026,01:36:13,Pot transfer,Money Pot,,Transfers,20.00,GBP,20.00,GBP,,,,,,,20.00
tx_0000B54bZyKpvpCJ8aZkYc,08/04/2026,04:53:29,monzo_paid,,,Bills,-17.00,GBP,-17.00,GBP,,,,Max,,-17.00,
tx_0000B55I0YM8pDTSytOWJt,08/04/2026,12:48:54,Card payment,Apple,🍎 ,Entertainment,-0.99,GBP,-0.99,GBP,,Hollyhill Estate,,APPLE.COM/BILL         CORK          IRL,,-0.99,
tx_0000B55IRdLUNlaKH50CuI,08/04/2026,12:53:47,Card payment,Waterstones,📚,Entertainment,-9.99,GBP,-9.99,GBP,,255 Finchley Road,,WATERSTONES            LONDON        GBR,,-9.99,
tx_0000B55Iv1EOegIccphtty,08/04/2026,12:59:06,Card payment,Sainsbury’s,🍏,Groceries,-10.65,GBP,-10.65,GBP,,255 Finchley Road,,SAINSBURYS PLC         LONDON        GBR,,-10.65,
tx_0000B55JaJHQSFZSKE2Wyi,08/04/2026,13:06:34,Card payment,West Nine Food & Wine,🍎,Groceries,-2.49,GBP,-2.49,GBP,,124 West End Lane,,WEST NINE FOOD AND WIN LONDON        GBR,,-2.49,
tx_0000B55XRAXWypY6FOs5Mf,08/04/2026,15:41:47,Card payment,Malmin Orthodontic Gro,🦷,General,-100.00,GBP,-100.00,GBP,,,,MALMIN ORTHODONTIC GRO LONDON        GBR,,-100.00,
tx_0000B55gfXBCVAO03vjAKw,08/04/2026,17:25:13,Card payment,Prep Kitchen,🍎,Groceries,-49.50,GBP,-49.50,GBP,,Court Lodge Farm Dale Road  Southfleet,,Prep Kitchen           GRAVESEND     GBR,,-49.50,
tx_0000B55glBdfVEh1tSd7Mg,08/04/2026,17:26:14,Pot transfer,Food  Pot,,Transfers,50.00,GBP,50.00,GBP,,,,,,,50.00
tx_0000B56Oa5iZZXTCKORYSC,09/04/2026,01:37:15,Pot transfer,Money Pot,,Transfers,20.00,GBP,20.00,GBP,,,,,,,20.00
tx_0000B57pmK6anWnFhp0Mhl,09/04/2026,18:16:43,Card payment,Tesco,🍏 ,Groceries,-5.50,GBP,-5.50,GBP,,23-27 Heath Street,,TESCO STORES 5711      LONDON        GBR,,-5.50,
tx_0000B58S8Wmc8hKtwyu0xu,10/04/2026,01:26:31,Pot transfer,Money Pot,,Transfers,20.00,GBP,20.00,GBP,,,,,,,20.00
tx_0000B59BokEl0J8JbEysCX,10/04/2026,09:58:22,Card payment,Transport for London,🚆,Transport,-7.20,GBP,-7.20,GBP,"Travel charge for Thursday, 9 Apr",50 Victoria Street,,TFL TRAVEL CH\VICTORIA STREET\TFL.GOV.UK/CP\SW1H 0TL     GBR,,-7.20,
tx_0000B59driQJ08ye6IdT1d,10/04/2026,15:12:39,Card payment,Grocery Post,🍎,Groceries,-12.80,GBP,-12.80,GBP,,280 West End Lane,,SQ *GROCERY POST - WES London        GBR,,-12.80,
tx_0000B59oNTLBc2IUtzfIy9,10/04/2026,17:10:26,Card payment,Apple,🍎 ,Entertainment,-2.99,GBP,-2.99,GBP,,Hollyhill Industrial Estate,,APPLE.COM/BILL         CORK          IRL,,-2.99,
tx_0000B59xwXcEbqPdO79LLn,10/04/2026,18:57:37,Card payment,Londis,🛒,Groceries,-1.99,GBP,-1.99,GBP,,33 Mill Lane,,LONDIS                  GREAT BRITAI GBR,,-1.99,
tx_0000B5AXOokXzmGmDSquhu,11/04/2026,01:34:55,Pot transfer,Money Pot,,Transfers,20.00,GBP,20.00,GBP,,,,,,,20.00
tx_0000B5BLZCSxfWIq5iPSsb,11/04/2026,10:57:02,Card payment,Waterstones,📚,Entertainment,-8.99,GBP,-8.99,GBP,,255 Finchley Road,,WATERSTONES            LONDON        GBR,,-8.99,
tx_0000B5BMN7FrJoI8pdmaG2,11/04/2026,11:06:04,Card payment,Sainsbury’s,🍏,Groceries,-7.42,GBP,-7.42,GBP,,255 Finchley Road,,SAINSBURYS PLC         LONDON        GBR,,-7.42,
tx_0000B5BedMDxEHQVfn4DDO,11/04/2026,14:30:41,Card payment,ATM,💵,Finances,-41.25,GBP,-41.25,GBP,,"Hv Thomas Pharmacy, 81",,E02440200000000        LONDON        GBR,,-41.25,
tx_0000B5CcLJHnPO9PKCpB5u,12/04/2026,01:39:43,Pot transfer,Money Pot,,Transfers,20.00,GBP,20.00,GBP,,,,,,,20.00
tx_0000B5DXDu5mNIvUlRdD98,12/04/2026,12:17:04,Card payment,Tesco,🍏 ,Groceries,-11.90,GBP,-11.90,GBP,,23-27 Heath Street,,TESCO STORES 5711      LONDON        GBR,,-11.90,
tx_0000B5EgkZ8yNKKoWPWl4z,13/04/2026,01:38:32,Pot transfer,Money Pot,,Transfers,20.00,GBP,20.00,GBP,,,,,,,20.00
tx_0000B5FJHn2lVsRvNakMra,13/04/2026,08:50:20,Pot transfer,Savings Pot,,Savings,500.00,GBP,500.00,GBP,,,,,,,500.00
tx_0000B5FJMyd1rtBol1BMSC,13/04/2026,08:51:15,Faster payment,James Angel,,Transfers,-249.43,GBP,-249.43,GBP,Sent from Monzo,,,Sent from Monzo,,-249.43,
tx_0000B5Glhwib9o0G7hjpz8,14/04/2026,01:43:30,Pot transfer,Money Pot,,Transfers,20.00,GBP,20.00,GBP,,,,,,,20.00
tx_0000B5HR8ZGKZOkyoZCNs1,14/04/2026,09:27:43,Card payment,Transport for London,🚆,Transport,-7.20,GBP,-7.20,GBP,"Travel charge for Monday, 13 Apr",50 Victoria Street,,TFL TRAVEL CH\VICTORIA STREET\TFL.GOV.UK/CP\SW1H 0TL     GBR,,-7.20,
tx_0000B5Hg0RjeAeAjXMk6ef,14/04/2026,12:14:20,Card payment,Kineya,🍜,Eating out,-9.30,GBP,-9.30,GBP,,,,Kineya Mugimaru        London        GBR,,-9.30,
tx_0000B5Hg40fMkqC0qwnfW5,14/04/2026,12:14:58,Card payment,Kineya,🍜,Eating out,-2.95,GBP,-2.95,GBP,,,,Kineya Mugimaru        London        GBR,,-2.95,
tx_0000B5I6EEIFXdo5Cy1pFU,14/04/2026,17:08:09,Card payment,Theodore Bullfrog,🍸,Entertainment,-7.60,GBP,-7.60,GBP,,26-30 John Adam Street,,Theodore Bullfrog      London        GBR,,-7.60,
tx_0000B5ICVbSDHcnRA5bXt4,14/04/2026,18:18:31,Card payment,Prep Kitchen,🍎,Groceries,-41.25,GBP,-41.25,GBP,,Court Lodge Farm Dale Road  Southfleet,,Prep Kitchen           GRAVESEND     GBR,,-41.25,
tx_0000B5IIvFAFNVMyjOL9dq,14/04/2026,19:30:23,Pot transfer,Food  Pot,,Transfers,50.00,GBP,50.00,GBP,,,,,,,50.00
tx_0000B5IpZXIEal7Gtt3XV6,15/04/2026,01:36:14,Pot transfer,Money Pot,,Transfers,20.00,GBP,20.00,GBP,,,,,,,20.00
tx_0000B5Ir30yrORl4ylr1Vw,15/04/2026,01:52:46,Card payment,Transport for London,🚆,Transport,-7.20,GBP,-7.20,GBP,"Travel charge for Tuesday, 14 Apr","Windsor House, 42-50 Victoria Street",,TfL Travel Charge      TFL.gov.uk/CP GBR,,-7.20,
tx_0000B5Ku4Uxc6QBD9gOtuM,16/04/2026,01:36:04,Pot transfer,Money Pot,,Transfers,20.00,GBP,20.00,GBP,,,,,,,20.00
tx_0000B5Lo6Kcz5LWuOVOLdC,16/04/2026,12:03:53,Card payment,Banh Mi Aha!,🍽,Eating out,-10.99,GBP,-10.99,GBP,,27 Endell Street,,Banh Mi Aha! Soho      London        GBR,,-10.99,
tx_0000B5Mz4hGzDIHXs0Yloy,17/04/2026,01:41:33,Pot transfer,Money Pot,,Transfers,20.00,GBP,20.00,GBP,,,,,,,20.00
tx_0000B5NYeg4aeHNx4ZA1M9,17/04/2026,08:20:13,Faster payment,PHILIP WILKINSON,,General,-24.00,GBP,-24.00,GBP,Sent from Monzo,,,Sent from Monzo,,-24.00,
tx_0000B5NfWHHNe9wv3oxl8j,17/04/2026,09:37:09,Card payment,Transport for London,🚆,Transport,-7.20,GBP,-7.20,GBP,"Travel charge for Thursday, 16 Apr",50 Victoria Street,,TFL TRAVEL CH\VICTORIA STREET\TFL.GOV.UK/CP\SW1H 0TL     GBR,,-7.20,
tx_0000B5NvpGTMT8sh8oKmGb,17/04/2026,12:39:51,Card payment,Tesco,🍏 ,Groceries,-6.40,GBP,-6.40,GBP,,23-27 Heath Street,,TESCO STORES 5711      LONDON        GBR,,-6.40,
tx_0000B5P3HRPMIZJftHSORB,18/04/2026,01:38:06,Pot transfer,Money Pot,,Transfers,20.00,GBP,20.00,GBP,,,,,,,20.00
tx_0000B5Q13zIlTpkdQ69iFN,18/04/2026,12:47:58,Card payment,KFC,🐔🍗,Eating out,-7.19,GBP,-7.19,GBP,,239 Camden High Street,,KFC-CAMDEN TOWN        LONDON        GBR,,-7.19,
tx_0000B5Q3ZIrmzLDBdZwhu6,18/04/2026,13:16:02,Card payment,Transport for London,🚆,Transport,-6.70,GBP,-6.70,GBP,"Travel charge for Friday, 17 Apr",50 Victoria Street,,TFL TRAVEL CH\VICTORIA STREET\TFL.GOV.UK/CP\SW1H 0TL     GBR,,-6.70,
tx_0000B5Q7rexRzXs9py7gax,18/04/2026,14:04:10,Card payment,The North Star,🍸,Eating out,-3.00,GBP,-3.00,GBP,,104 Finchley Road,,The North Star         London        GBR,,-3.00,
tx_0000B5Q8BTMkndXmV2wE3Y,18/04/2026,14:07:45,Faster payment,Sarah Gregory,,General,-155.90,GBP,-155.90,GBP,Sent from Monzo,,,Sent from Monzo,,-155.90,
tx_0000B5QUXODunXPTY6jZSr,18/04/2026,18:18:13,Card payment,Pizza Bun,🍴,Eating out,-19.45,GBP,-19.45,GBP,,,,SQ *PIZZA BUN          London        GBR,,-19.45,
tx_0000B5R6sIIxnKwKGGDlB5,19/04/2026,01:27:48,Pot transfer,Money Pot,,Transfers,20.00,GBP,20.00,GBP,,,,,,,20.00
tx_0000B5R7T53vzbndCzANQQ,19/04/2026,01:34:27,Card payment,Transport for London,🚆,Transport,-4.40,GBP,-4.40,GBP,"Travel charge for Saturday, 18 Apr","Windsor House, 42-50 Victoria Street",,TfL Travel Charge      TFL.gov.uk/CP GBR,,-4.40,
tx_0000B5RuQbxC8u74UTI4C9,19/04/2026,10:43:02,Card payment,Apple,🍎 ,Entertainment,-16.99,GBP,-16.99,GBP,,Hollyhill Estate,,APPLE.COM/BILL         CORK          IRL,,-16.99,
tx_0000B5S39uBQ0nv6yCnwYf,19/04/2026,12:20:52,Card payment,Tesco,🍏 ,Groceries,-15.50,GBP,-15.50,GBP,,23-27 Heath Street,,TESCO STORES 5711      LONDON        GBR,,-15.50,
tx_0000B5S49WLmioiwYNS9w2,19/04/2026,12:32:00,Card payment,Londis,🛒,Groceries,-9.39,GBP,-9.39,GBP,,33 Mill Lane,,LONDIS                  GREAT BRITAI GBR,,-9.39,
tx_0000B5TC3zd1wmGNo5ISQ5,20/04/2026,01:35:21,Pot transfer,Money Pot,,Transfers,20.00,GBP,20.00,GBP,,,,,,,20.00
tx_0000B5TKfITNe7DgFvRwHd,20/04/2026,03:11:44,Direct Debit,Virgin Media,,Entertainment,-33.99,GBP,-33.99,GBP,111850705001,,,111850705001,,-33.99,
tx_0000B5ToC4bB9FsuYKe7TX,20/04/2026,08:42:36,Monzo-to-Monzo,Michael Degroot,,General,11.33,GBP,11.33,GBP,,,,,,,11.33
tx_0000B5VHSA8rOkdmBwfNHJ,21/04/2026,01:45:10,Pot transfer,Money Pot,,Transfers,20.00,GBP,20.00,GBP,,,,,,,20.00
tx_0000B5W6UrCHO0rC105JES,21/04/2026,11:17:07,Card payment,Kineya,🍜,Eating out,-14.25,GBP,-14.25,GBP,,,,Kineya Mugimaru        London        GBR,,-14.25,
tx_0000B5W6XDcuxrP5kbm3H9,21/04/2026,11:17:32,Card payment,Kineya,🍜,Eating out,-9.30,GBP,-9.30,GBP,,,,Kineya Mugimaru        London        GBR,,-9.30,
tx_0000B5W8w05uc8tmhuUA8w,21/04/2026,11:44:26,Card payment,Transport for London,🚆,Transport,-7.20,GBP,-7.20,GBP,"Travel charge for Monday, 20 Apr",50 Victoria Street,,TFL TRAVEL CH\VICTORIA STREET\TFL.GOV.UK/CP\SW1H 0TL     GBR,,-7.20,
tx_0000B5WZxBAHdZuy5pxutN,21/04/2026,16:47:11,Card payment,Formnutrition.com,🍎,Shopping,-43.20,GBP,-43.20,GBP,,Great Western Studios65 Alfred Road,,FORMNUTRITION.COM      LONDON        GBR,,-43.20,
tx_0000B5Whpq48U5lNtUxHDm,21/04/2026,18:15:30,Card payment,Tesco,🍏 ,Groceries,-11.95,GBP,-11.95,GBP,,23-27 Heath Street,,TESCO STORES 5711      LONDON        GBR,,-11.95,
tx_0000B5XKg7x51dw53GVn9f,22/04/2026,01:30:44,Pot transfer,Money Pot,,Transfers,20.00,GBP,20.00,GBP,,,,,,,20.00
tx_0000B5Y127PTuvMz3Ipl3e,22/04/2026,09:25:19,Card payment,Transport for London,🚆,Transport,-7.20,GBP,-7.20,GBP,"Travel charge for Tuesday, 21 Apr",50 Victoria Street,,TFL TRAVEL CH\VICTORIA STREET\TFL.GOV.UK/CP\SW1H 0TL     GBR,,-7.20,
tx_0000B5YC8rOuw5sZCqSvIY,22/04/2026,11:29:48,Card payment,Hair J,✂️,General,-25.00,GBP,-25.00,GBP,,67 Mill Lane,,HAIR J                 LONDON        GBR,,-25.00,
tx_0000B5YCVU5xkhg64q7REh,22/04/2026,11:33:53,Card payment,Londis,🛒,Groceries,-5.99,GBP,-5.99,GBP,,33 Mill Lane,,LONDIS                  GREAT BRITAI GBR,,-5.99,
tx_0000B5YcxmDOZeaSlfkSDh,22/04/2026,16:30:19,Card payment,West Nine Food & Wine,🍎,Groceries,-2.49,GBP,-2.49,GBP,,124 West End Lane,,WEST NINE FOOD AND WIN LONDON        GBR,,-2.49,
tx_0000B5Yk4QUMRwsTIc3XTl,22/04/2026,17:49:58,Card payment,Uber Eats,🍽,Eating out,-20.83,GBP,-20.83,GBP,,Aldgate Tower First Floor,,UBER   * EATS PENDING  London        GBR,,-20.83,
tx_0000B5ZPPKatenQe1MvXXC,23/04/2026,01:33:09,Pot transfer,Money Pot,,Transfers,20.00,GBP,20.00,GBP,,,,,,,20.00
tx_0000B5bNHOLk0061ng0edo,24/04/2026,00:18:43,Faster payment,Darktrace Holdings Ltd,,Income,3674.00,GBP,3674.00,GBP,00010048190,,,00010048190,,,3674.00
tx_0000B5bSgwCrkxiKeLY4Zt,24/04/2026,01:19:22,Card payment,Transport for London,🚆,Transport,-7.20,GBP,-7.20,GBP,"Travel charge for Thursday, 23 Apr","Windsor House, 42-50 Victoria Street",,TfL Travel Charge      TFL.gov.uk/CP GBR,,-7.20,
tx_0000B5bUQe1lmHLYJipoh8,24/04/2026,01:38:50,Pot transfer,Money Pot,,Transfers,20.00,GBP,20.00,GBP,,,,,,,20.00
tx_0000B5cYbpBlDOyXdeNWM5,24/04/2026,14:00:23,Pot transfer,Rent Pot,,Transfers,-1349.00,GBP,-1349.00,GBP,,,,,,-1349.00,
tx_0000B5cYcoxjXdpcmOEImB,24/04/2026,14:00:34,Pot transfer,Gym Pot,,Transfers,-96.00,GBP,-96.00,GBP,,,,,,-96.00,
tx_0000B5cYdqqW1YUiVRgKbx,24/04/2026,14:00:45,Pot transfer,Bills Pot,,Transfers,-150.00,GBP,-150.00,GBP,,,,,,-150.00,
tx_0000B5cYf8Fkn4aN5ZV16n,24/04/2026,14:00:59,Pot transfer,Food  Pot,,Transfers,-250.00,GBP,-250.00,GBP,,,,,,-250.00,
tx_0000B5cYgiSZez1ApWUU7e,24/04/2026,14:01:16,Pot transfer,Money Pot,,Transfers,-600.00,GBP,-600.00,GBP,,,,,,-600.00,
tx_0000B5cYhcMpnVAFfDDd1Z,24/04/2026,14:01:26,Pot transfer,My Bills Pot,,Transfers,-161.00,GBP,-161.00,GBP,,,,,,-161.00,
tx_0000B5cYixmZf6bivnuv5t,24/04/2026,14:01:40,Pot transfer,Savings Pot,,Savings,-750.00,GBP,-750.00,GBP,,,,,,-750.00,
tx_0000B5d5dDAipQDuvecWFn,24/04/2026,20:10:24,Card payment,Tesco,🍏 ,Groceries,-7.30,GBP,-7.30,GBP,,23-27 Heath Street,,TESCO STORES 5711      LONDON        GBR,,-7.30,
tx_0000B5dBCy4uvHLiEbDKrq,24/04/2026,21:12:53,Pot transfer,Savings Pot,,Savings,2736.99,GBP,2736.99,GBP,,,,,,,2736.99
tx_0000B5dBGuZ9vISGqxkaFH,24/04/2026,21:13:36,Faster payment,James Angel,,Transfers,-2736.99,GBP,-2736.99,GBP,Sent from Monzo,,,Sent from Monzo,,-2736.99,
tx_0000B5dYyasCneLuuCuvyL,25/04/2026,01:39:12,Pot transfer,Money Pot,,Transfers,20.00,GBP,20.00,GBP,,,,,,,20.00
tx_0000B5duiIJwCzXrKaKU2l,25/04/2026,05:42:46,Card payment,Microsoft Pc Game Pass,,Entertainment,-10.99,GBP,-10.99,GBP,,Thames Valley Park,,"Microsoft*PC Game Pass Reading, Berk GBR",,-10.99,
tx_0000B5eAyCqtuEkVQkXyRn,25/04/2026,08:44:56,Card payment,Trainline,🚄,Transport,-63.69,GBP,-63.69,GBP,,120 Holborn,,TRAINLINE              LONDON        GBR,,-63.69,
tx_0000B5eXDYZ7emdwwtlXeL,25/04/2026,12:54:13,Card payment,Sainsbury’s,🍏,Groceries,-9.69,GBP,-9.69,GBP,,255 Finchley Road,,SAINSBURYS PLC         LONDON        GBR,,-9.69,
tx_0000B5eXKYyeWZ2Qe6EzyM,25/04/2026,12:55:29,Pot transfer,Food  Pot,,Transfers,50.00,GBP,50.00,GBP,,,,,,,50.00
tx_0000B5eerXkCpS5GLDG4BN,25/04/2026,14:19:52,Monzo-to-Monzo,Joseph Buckett,,General,11.33,GBP,11.33,GBP,,,,,,,11.33
tx_0000B5ef2QzSHSKAgUQWDB,25/04/2026,14:21:51,Bank transfer,Joseph Buckett,,Income,1158.00,GBP,1158.00,GBP,Rent,,,Rent,,,1158.00
tx_0000B5ef3wIpLZlgdlCBsH,25/04/2026,14:22:07,Pot transfer,Rent Pot,,Transfers,-1158.00,GBP,-1158.00,GBP,,,,,,-1158.00,
tx_0000B5fdG4PX1OHTCqPbVq,26/04/2026,01:36:37,Pot transfer,Money Pot,,Transfers,20.00,GBP,20.00,GBP,,,,,,,20.00
tx_0000B5gLwikxns6kVY8bf1,26/04/2026,09:57:20,Card payment,Boost Physio,🏥,General,0.00,GBP,0.00,GBP,Active card check,,,BOOST PHYSIO           HENDON        GBR,,0.00,
tx_0000B5gLy5bKLx1Ysxojf0,26/04/2026,09:57:35,Card payment,www.boostphysio.com,,General,0.00,GBP,0.00,GBP,Active card check,"First Floor, Winston House 349 Regents Park R",,WWW.BOOSTPHYSIO.COM    LONDON        GBR,,0.00,
tx_0000B5gbPGmEPNZLXpuhY9,26/04/2026,12:50:34,Card payment,Tesco,🍏 ,Groceries,-13.50,GBP,-13.50,GBP,,23-27 Heath Street,,TESCO STORES 5711      LONDON        GBR,,-13.50,
tx_0000B5h17Qj9GwjRtgVvwA,26/04/2026,17:38:41,Card payment,Waitrose & Partners,🍏,Groceries,-13.08,GBP,-13.08,GBP,,319 West End Lane,,WAITROSE STORES        LONDON        GBR,,-13.08,
tx_0000B5hhiaWI1T2TOawt63,27/04/2026,01:36:00,Pot transfer,Money Pot,,Transfers,20.00,GBP,20.00,GBP,,,,,,,20.00
tx_0000B5iny5WnoJWcsu58W9,27/04/2026,14:20:45,Card payment,www.boostphysio.com,,General,-105.00,GBP,-105.00,GBP,,"First Floor, Winston House 349 Regents Park R",,WWW.BOOSTPHYSIO.COM    LONDON        GBR,,-105.00,
tx_0000B5jOWpAOEMpzqVc2vh,27/04/2026,21:10:24,Card payment,Breeze,🫶,Entertainment,-9.50,GBP,-9.50,GBP,,,,Breeze package 1 token Rotterdam     NLD,,-9.50,
tx_0000B5jlp53kB77P0nPbl5,28/04/2026,01:31:25,Pot transfer,Money Pot,,Transfers,20.00,GBP,20.00,GBP,,,,,,,20.00
tx_0000B5kTsz86Yvns4SbrCj,28/04/2026,09:45:09,Card payment,Vinted,👕,Shopping,-9.00,GBP,-9.00,GBP,,5 New Street Square,,Vinted                 Vilnius       GBR,,-9.00,
tx_0000B5kZOlwnbpjJGL1fBh,28/04/2026,10:46:55,Card payment,Londis,🛒,Groceries,-11.29,GBP,-11.29,GBP,,33 Mill Lane,,LONDIS                  GREAT BRITAI GBR,,-11.29,
tx_0000B5kmofyFkdgE9BM8Ml,28/04/2026,13:17:16,Card payment,Transport for London,🚆,Transport,-6.20,GBP,-6.20,GBP,"Travel charge for Monday, 27 Apr",50 Victoria Street,,TFL TRAVEL CH\VICTORIA STREET\TFL.GOV.UK/CP\SW1H 0TL     GBR,,-6.20,
tx_0000B5knTcUbaUZyIlPr7K,28/04/2026,13:24:40,Card payment,Boots,💊,Personal care,-5.15,GBP,-5.15,GBP,,Praed Street,,BOOTS 2083             LONDON        GBR,,-5.15,
tx_0000B5lRS9uQN6cQyihZGl,28/04/2026,20:52:36,Card payment,Breeze,🫶,Entertainment,-9.50,GBP,-9.50,GBP,,,,Breeze package 1 token Rotterdam     NLD,,-9.50,
tx_0000B5lri2dTmMGsTpWtGu,29/04/2026,01:46:48,Pot transfer,Money Pot,,Transfers,20.00,GBP,20.00,GBP,,,,,,,20.00
tx_0000B5mbLVITeA7OV4ZBfY,29/04/2026,10:18:10,Card payment,Tesco,🍏 ,Groceries,-3.85,GBP,-3.85,GBP,,9 Central Square,,TESCO STORES 4876      CARDIFF       GBR,,-3.85,
tx_0000B5mff4jgVg0OHWVJ3K,29/04/2026,11:06:31,Card payment,Vinted,👕,Shopping,-46.28,GBP,-46.28,GBP,,5 New Street Square,,Vinted                 Vilnius       GBR,,-46.28,
tx_0000B5mkAt2HweCBmPrQGH,29/04/2026,11:57:05,Card payment,Prep Kitchen,🍎,Groceries,-49.50,GBP,-49.50,GBP,,Court Lodge Farm Dale Road  Southfleet,,Prep Kitchen           GRAVESEND     GBR,,-49.50,
tx_0000B5mkTRbq8mXLijiSSQ,29/04/2026,12:00:26,Pot transfer,Food  Pot,,Transfers,100.00,GBP,100.00,GBP,,,,,,,100.00
tx_0000B5nFE3dA6jN7TlHFeD,29/04/2026,17:45:01,Card payment,Uber Eats,🍽,Eating out,-46.24,GBP,-46.24,GBP,,Aldgate Tower First Floor,,UBER   * EATS PENDING  London        GBR,,-46.24,
tx_0000B5nvjGOQu46FB43bG5,30/04/2026,01:41:16,Pot transfer,Money Pot,,Transfers,20.00,GBP,20.00,GBP,,,,,,,20.00
tx_0000B5o3CWqXVagyHe6bgI,30/04/2026,03:04:59,Pot transfer,Gym Pot,,Transfers,96.00,GBP,96.00,GBP,,,,,,,96.00
tx_0000B5o3CWxH6Y6CSfj5Pw,30/04/2026,03:05:00,Direct Debit,Virgin Active,,Entertainment,-96.00,GBP,-96.00,GBP,006800150823010019,,,006800150823010019,,-96.00,
tx_0000B5o3Ct5snDixiomrHq,30/04/2026,03:05:03,Pot transfer,Bills Pot,,Transfers,26.93,GBP,26.93,GBP,,,,,,,26.93
tx_0000B5o3Ct3OwRjtb7csPx,30/04/2026,03:05:03,Direct Debit,O2,,Bills,-26.93,GBP,-26.93,GBP,D20535255,,,D20535255,,-26.93,
tx_0000B5oVDDPa37uqYL5atu,30/04/2026,08:18:51,Faster payment,MICHAEL DEGROOT,,Income,960.00,GBP,960.00,GBP,R22b rent,,,R22b rent,,,960.00
tx_0000B5oXJKVsl6Q9t9GtmL,30/04/2026,08:42:22,Pot transfer,Rent Pot,,Transfers,-960.00,GBP,-960.00,GBP,,,,,,-960.00,
tx_0000B5pHMzokF6eKoH2QWP,30/04/2026,17:18:28,Card payment,Leather Bottle,🍺,Groceries,-7.95,GBP,-7.95,GBP,,538 Garratt Lane,,Leather Bottle         London        GBR,,-7.95,
tx_0000B5pNq5P39cBNO28GAs,30/04/2026,18:30:57,Card payment,Leather Bottle,🍺,Groceries,-12.55,GBP,-12.55,GBP,,538 Garratt Lane,,Leather Bottle         London        GBR,,-12.55,
tx_0000B5pTKVv3dCe4x9Zd9W,30/04/2026,19:32:29,Card payment,Leather Bottle,🍺,Groceries,-12.05,GBP,-12.05,GBP,,538 Garratt Lane,,Leather Bottle         London        GBR,,-12.05,
tx_0000B5pXrIRDAvx6KJm2W9,30/04/2026,20:23:13,Card payment,Leather Bottle,🍺,Groceries,-7.95,GBP,-7.95,GBP,,538 Garratt Lane,,Leather Bottle         London        GBR,,-7.95,
tx_0000B5pe6qhIgHZ8o66QXj,30/04/2026,21:33:16,Card payment,Leather Bottle,🍺,Groceries,-7.95,GBP,-7.95,GBP,,538 Garratt Lane,,Leather Bottle         London        GBR,,-7.95,
tx_0000B5ppM6CWQ7qvtHAYxG,30/04/2026,23:39:16,Card payment,Lezziz Express Charcoa,🍴,Eating out,-13.00,GBP,-13.00,GBP,,140 West End Lane,,Lezziz Express Charcoa London        GBR,,-13.00,
tx_0000B5q1LxtiUTvQycQMhl,01/05/2026,01:53:43,Card payment,Transport for London,🚆,Transport,-13.40,GBP,-13.40,GBP,"Travel charge for Thursday, 30 Apr","Windsor House, 42-50 Victoria Street",,TfL Travel Charge      TFL.gov.uk/CP GBR,,-13.40,
tx_0000B5q3VtgjCE5K1Ds5lD,01/05/2026,02:17:55,Pot transfer,Money Pot,,Transfers,20.00,GBP,20.00,GBP,,,,,,,20.00
tx_0000B5q3VwI1WX8H0r8WTk,01/05/2026,02:17:55,Pot transfer,Rent Pot,,Transfers,3467.00,GBP,3467.00,GBP,,,,,,,3467.00
tx_0000B5q3W0oQhzLaIlFupF,01/05/2026,02:17:56,Faster payment,Joe Crosby,,General,-3467.00,GBP,-3467.00,GBP,Joe Crosby,,,Joe Crosby,,-3467.00,
tx_0000B5q9ktMTICcXRCG9yr,01/05/2026,03:27:51,Direct Debit,Thames Water,,Bills,-93.00,GBP,-93.00,GBP,900092499220,,,900092499220,,-93.00,
tx_0000B5qFEve7rVOrXn8786,01/05/2026,04:29:19,Direct Debit,Octopus Energy,,Bills,-155.26,GBP,-155.26,GBP,J2SSTZW,,,J2SSTZW,,-155.26,
tx_0000B5qFXW1LMSMt0YNkXb,01/05/2026,04:32:40,Pot transfer,My Bills Pot,,Transfers,160.83,GBP,160.83,GBP,,,,,,,160.83
tx_0000B5qFXW1hL7t2tKYknS,01/05/2026,04:32:40,Direct Debit,Tabeo,,Bills,-160.83,GBP,-160.83,GBP,S8E6B4B-796040-SMI,,,S8E6B4B-796040-SMI,,-160.83,
tx_0000B5qGmSBY0G13HBqyOJ,01/05/2026,04:46:34,overdraft,,,General,-2.37,GBP,-2.37,GBP,This is the charge for your April 2026 overdraft,,,April overdraft fees,,-2.37,
tx_0000B5qKzAKI75cckjWrAp,01/05/2026,05:33:41,Monzo-to-Monzo,Michael Degroot,,General,82.76,GBP,82.76,GBP,,,,,,,82.76
tx_0000B5qQEUX7lYavArjwsV,01/05/2026,06:32:29,Pot transfer,Bills Pot,,Transfers,123.07,GBP,123.07,GBP,,,,,,,123.07
tx_0000B5qSUhsI8AUyzNC7lJ,01/05/2026,06:57:49,Monzo-to-Monzo,Joseph Buckett,,General,8.56,GBP,8.56,GBP,,,,,,,8.56
tx_0000B5qwFFCJSyoU0DS6lO,01/05/2026,12:31:11,Card payment,Paul Rhodes Bakery ,🍞,Groceries,-8.30,GBP,-8.30,GBP,,37 King William Walk,,SQ *PAUL RHODES BAKERY London        GBR,,-8.30,
tx_0000B5s57MORvFT2xNTAiA,02/05/2026,01:45:19,Pot transfer,Money Pot,,Transfers,20.00,GBP,20.00,GBP,,,,,,,20.00
tx_0000B5s6MmnE9RSfWZAg0y,02/05/2026,01:59:18,Card payment,Transport for London,🚆,Transport,2.90,GBP,2.90,GBP,,"Windsor House, 42-50 Victoria Street",,TfL Travel Charge      TFL.gov.uk/CP GBR,,,2.90
tx_0000B5s6MqdnqQT5uHv7it,02/05/2026,01:59:19,Card payment,Transport for London,🚆,Transport,-8.90,GBP,-8.90,GBP,"Travel charge for Friday, 1 May","Windsor House, 42-50 Victoria Street",,TfL Travel Charge      TFL.gov.uk/CP GBR,,-8.90,
tx_0000B5szN6XkDO9NoBLctF,02/05/2026,12:15:38,Card payment,Tesco,🍏 ,Groceries,-10.85,GBP,-10.85,GBP,,523 Kingsland Road,,TESCO STORES 6349      LONDON        GBR,,-10.85,
tx_0000B5tLIkPGm61ByedW1z,02/05/2026,16:21:22,Card payment,Number 90 Hideout,🍸,Entertainment,-34.96,GBP,-34.96,GBP,,90 Wallis Road,,SQ *NUMBER 90 HIDEOUT  London        GBR,,-34.96,
tx_0000B5tTJ0QA275s5n7mOv,02/05/2026,17:51:03,Card payment,Number 90 Bar,🍸,Entertainment,-7.46,GBP,-7.46,GBP,,90 Wallis Road,,SQ *NUMBER 90 BAR      London        GBR,,-7.46,
tx_0000B5tVmDlXhDUq3s7ptT,02/05/2026,18:18:44,Card payment,Number 90 Bar,🍸,Entertainment,-23.31,GBP,-23.31,GBP,,90 Wallis Road,,SQ *NUMBER 90 BAR      London        GBR,,-23.31,
tx_0000B5tZW42YUH6Ut8rFgY,02/05/2026,19:00:38,Card payment,Number 90 Bar,🍸,Entertainment,-2.10,GBP,-2.10,GBP,,90 Wallis Road,,SQ *NUMBER 90 BAR      London        GBR,,-2.10,
tx_0000B5tcHlL3WS1Bz4z1rp,02/05/2026,19:31:40,Card payment,Tesco,🍏 ,Groceries,-6.50,GBP,-6.50,GBP,,Olympic Park Express,,TESCO STORES 4535      LONDON        GBR,,-6.50,
tx_0000B5tomSNbGCFtQTNFuV,02/05/2026,21:51:41,Card payment,Tesco,🍏 ,Groceries,-5.80,GBP,-5.80,GBP,,Olympic Park Express,,TESCO STORES 4535      LONDON        GBR,,-5.80,
tx_0000B5tyfDPHWuroIeFWJX,02/05/2026,23:42:25,Card payment,Uber,🚖,Transport,-38.95,GBP,-38.95,GBP,,Aldgate Tower First Floor,,UBER   * PENDING       London        GBR,,-38.95,
tx_0000B5tyipXsBimT78uTMS,02/05/2026,23:43:04,Card payment,Uber,🚖,Transport,-42.95,GBP,-42.95,GBP,,Aldgate Tower First Floor,,UBER   * PENDING       London        GBR,,-42.95,
tx_0000B5tyiyHBj7sDp6jJvH,02/05/2026,23:43:06,Card payment,Uber,🚖,Transport,38.95,GBP,38.95,GBP,,Aldgate Tower First Floor,,UBER   * PENDING       London        GBR,,,38.95
tx_0000B5u8yZj3ltvdpi61pp,03/05/2026,01:37:58,Pot transfer,Money Pot,,Transfers,20.00,GBP,20.00,GBP,,,,,,,20.00
tx_0000B5ujtfVmWs44dLPQ82,03/05/2026,08:31:40,Card payment,Londis,🛒,Groceries,-7.16,GBP,-7.16,GBP,,33 Mill Lane,,LONDIS                  GREAT BRITAI GBR,,-7.16,
tx_0000B5uoDWMmdivG4g6lJy,03/05/2026,09:20:04,Monzo-to-Monzo,Joseph Buckett,,General,10.00,GBP,10.00,GBP,Uber,,,,,,10.00
tx_0000B5upW9lmyh44vRPC4H,03/05/2026,09:34:39,Card payment,Transport for London,🚆,Transport,-6.60,GBP,-6.60,GBP,"Travel charge for Saturday, 2 May",50 Victoria Street,,TFL TRAVEL CH\VICTORIA STREET\TFL.GOV.UK/CP\SW1H 0TL     GBR,,-6.60,
tx_0000B5vAAi8ccBAe0tcHZ3,03/05/2026,13:26:05,Card payment,Tesco,🍏 ,Groceries,-6.85,GBP,-6.85,GBP,,23-27 Heath Street,,TESCO STORES 5711      LONDON        GBR,,-6.85,
tx_0000B5vAQuX8ITv9bvIofi,03/05/2026,13:29:00,Card payment,Sainsbury’s,🍏,Groceries,-9.00,GBP,-9.00,GBP,,204 West End Lane,,SAINSBURYS- LONDON WES LONDON        GBR,,-9.00,
tx_0000B5wD4TWsVk10l2imzR,04/05/2026,01:33:17,Pot transfer,Money Pot,,Transfers,20.00,GBP,20.00,GBP,,,,,,,20.00
tx_0000B5xQoNMHHPcKb7bPOc,04/05/2026,15:41:57,Card payment,Sainsbury’s,🍏,Groceries,-14.50,GBP,-14.50,GBP,,255 Finchley Road,,SAINSBURYS PLC         LONDON        GBR,,-14.50,
tx_0000B5xl0ZZlgAZetfPxuX,04/05/2026,19:28:15,Card payment,Breeze,🫶,Entertainment,-9.50,GBP,-9.50,GBP,,,,Breeze package 1 token Rotterdam     NLD,,-9.50,
tx_0000B5yJgU7ZkMaTMlyme3,05/05/2026,01:56:48,Pot transfer,Money Pot,,Transfers,20.00,GBP,20.00,GBP,,,,,,,20.00
tx_0000B5zEzqCbZJEbW0kjIY,05/05/2026,12:38:59,Faster payment,S Gregory,,Income,20.00,GBP,20.00,GBP,Taxi xx,,,Taxi xx,,,20.00
tx_0000B60MULu5A7piyZgdxz,06/05/2026,01:37:39,Pot transfer,Money Pot,,Transfers,20.00,GBP,20.00,GBP,,,,,,,20.00
tx_0000B615WcHzhvG8lp6GF0,06/05/2026,10:02:17,Card payment,Transport for London,🚆,Transport,-7.20,GBP,-7.20,GBP,"Travel charge for Tuesday, 5 May",50 Victoria Street,,TFL TRAVEL CH\VICTORIA STREET\TFL.GOV.UK/CP\SW1H 0TL     GBR,,-7.20,
tx_0000B61BcQFPzS8Y3MMeRA,06/05/2026,11:10:33,Card payment,Hair J,✂️,General,-35.00,GBP,-35.00,GBP,,67 Mill Lane,,HAIR J                 LONDON        GBR,,-35.00,
tx_0000B61di0HgESFY2libwH,06/05/2026,16:25:18,Card payment,Prep Kitchen,🍎,Groceries,-123.75,GBP,-123.75,GBP,,Court Lodge Farm Dale Road  Southfleet,,Prep Kitchen           GRAVESEND     GBR,,-123.75,
tx_0000B61eQ28sgXL4cD2HDO,06/05/2026,16:33:16,Pot transfer,Savings Pot,,Savings,571.53,GBP,571.53,GBP,,,,,,,571.53
tx_0000B61eo5a3YLAmSREYug,06/05/2026,16:37:37,Pot transfer,Food  Pot,,Transfers,50.00,GBP,50.00,GBP,,,,,,,50.00
tx_0000B61epEgDCvuuAk2wAT,06/05/2026,16:37:49,Pot transfer,Savings Pot,,Savings,-100.00,GBP,-100.00,GBP,,,,,,-100.00,
tx_0000B61j5j8C9pRYayeFqm,06/05/2026,17:25:37,Card payment,Anthropic,💻,Entertainment,0.00,GBP,0.00,GBP,Active card check,548 Market Stpmb 90375,,ANTHROPIC              SAN FRANCISCO USA,,0.00,
tx_0000B61j6UBLDwtCf2WQXT,06/05/2026,17:25:45,Card payment,Claude,💻,Entertainment,-18.00,GBP,-18.00,GBP,,548 Market Stpmb 90375,,CLAUDE.AI SUBSCRIPTION SAN FRANCISCO USA,,-18.00,
tx_0000B62R5znGbS0XXYckXx,07/05/2026,01:38:41,Pot transfer,Money Pot,,Transfers,20.00,GBP,20.00,GBP,,,,,,,20.00
tx_0000B63N3a3X7PyG5OaoIY,07/05/2026,12:28:09,Card payment,Xi'an Biang Biang Noodles,🍜,Eating out,-14.99,GBP,-14.99,GBP,,36 Wellington Street,,Xian Biangbiang Noodle London        GBR,,-14.99,
tx_0000B63onStYlwYOLwDxtp,07/05/2026,17:38:58,Card payment,Ls The Culpeper,🍽,Eating out,-18.00,GBP,-18.00,GBP,,40 Commercial Street,,LS the Culpeper        London        GBR,,-18.00,
tx_0000B63yTaG2ggKvgDR6Wn,07/05/2026,19:27:26,Card payment,Ls The Culpeper,🍽,Eating out,-20.00,GBP,-20.00,GBP,,40 Commercial Street,,LS the Culpeper        London        GBR,,-20.00,
tx_0000B645csnfoen4TG3PO6,07/05/2026,20:47:33,Card payment,Beigel Bake,🥯,Eating out,-14.40,GBP,-14.40,GBP,,159 Brick Lane,,SQ *BEIGEL BAKE LTD    London        GBR,,-14.40,
tx_0000B64WUeLyLIQJyj9yLq,08/05/2026,01:48:36,Pot transfer,Money Pot,,Transfers,20.00,GBP,20.00,GBP,,,,,,,20.00
tx_0000B64Wd6HUOMBmuZ5n75,08/05/2026,01:50:07,Card payment,Transport for London,🚆,Transport,-8.90,GBP,-8.90,GBP,Travel charge for Thursday 7 May,"Windsor House, 42-50 Victoria Street",,TfL Travel Charge      TFL.gov.uk/CP GBR,,-8.90,
tx_0000B64rBroAByVjOmg1ha,08/05/2026,05:40:30,monzo_paid,,,Bills,-17.00,GBP,-17.00,GBP,,,,Max,,-17.00,
tx_0000B65TYLUoI4UsYSg7wh,08/05/2026,12:50:21,Card payment,Apple,🍎 ,Entertainment,-0.99,GBP,-0.99,GBP,,Hollyhill Estate,,APPLE.COM/BILL         CORK          IRL,,-0.99,
tx_0000B65ncClcgTXUwiaH9l,08/05/2026,16:35:09,Card payment,Londis,🛒,Groceries,-8.77,GBP,-8.77,GBP,,33 Mill Lane,,LONDIS                  GREAT BRITAI GBR,,-8.77,
tx_0000B66ZpObglrrEePSFTH,09/05/2026,01:35:23,Pot transfer,Money Pot,,Transfers,20.00,GBP,20.00,GBP,,,,,,,20.00
tx_0000B67IIi7ThKt3gCoSI9,09/05/2026,09:53:42,Card payment,Sainsbury’s,🍏,Groceries,-22.32,GBP,-22.32,GBP,,255 Finchley Road,,SAINSBURYS PLC         LONDON        GBR,,-22.32,
tx_0000B67MG959Oa29HCAGwb,09/05/2026,10:38:03,Card payment,Londis,🛒,Groceries,-9.69,GBP,-9.69,GBP,,33 Mill Lane,,LONDIS                  GREAT BRITAI GBR,,-9.69,
tx_0000B68Bn1lai7If7pIfI2,09/05/2026,20:15:27,Card payment,Best Save,🍎,Groceries,-6.99,GBP,-6.99,GBP,,110 Mill Lane,,Best Save              London        GBR,,-6.99,
tx_0000B68epyn583E5i6MTTN,10/05/2026,01:40:56,Pot transfer,Money Pot,,Transfers,20.00,GBP,20.00,GBP,,,,,,,20.00
tx_0000B6AjWNRwcq9HgM7qAT,11/05/2026,01:42:50,Pot transfer,Money Pot,,Transfers,20.00,GBP,20.00,GBP,,,,,,,20.00
tx_0000B6CnqnrSvRgMK5ietX,12/05/2026,01:40:46,Pot transfer,Money Pot,,Transfers,20.00,GBP,20.00,GBP,,,,,,,20.00
tx_0000B6DHW1T88SMenhJkcT,12/05/2026,07:13:10,Card payment,Breeze,🫶,Entertainment,-9.50,GBP,-9.50,GBP,,,,Breeze package 1 token Rotterdam     NLD,,-9.50,
tx_0000B6DTMs6mlaxBmMFuGQ,12/05/2026,09:25:58,Card payment,Transport for London,🚆,Transport,-7.20,GBP,-7.20,GBP,Travel charge for Monday 11 May,50 Victoria Street,,TFL TRAVEL CH\VICTORIA STREET\TFL.GOV.UK/CP\SW1H 0TL     GBR,,-7.20,
tx_0000B6Du8ALNNouu5iqdn7,12/05/2026,14:25:51,Pot transfer,Savings Pot,,Savings,-753.00,GBP,-753.00,GBP,,,,,,-753.00,
tx_0000B6DuAB3zg8kVbEna41,12/05/2026,14:26:13,Pot transfer,Savings Pot,,Savings,1400.00,GBP,1400.00,GBP,,,,,,,1400.00
tx_0000B6DuFleT4VbyzZvlSs,12/05/2026,14:27:13,Faster payment,GILLIAN MARIE ANGEL,,General,-753.00,GBP,-753.00,GBP,Vietnam flights,,,Vietnam flights,,-753.00,
tx_0000B6EsFozodFk7DMjJuG,13/05/2026,01:39:32,Pot transfer,Money Pot,,Transfers,20.00,GBP,20.00,GBP,,,,,,,20.00
tx_0000B6FXpM8rU6My3ooxKD,13/05/2026,09:25:22,Card payment,Transport for London,🚆,Transport,-7.20,GBP,-7.20,GBP,Travel charge for Tuesday 12 May,50 Victoria Street,,TFL TRAVEL CH\VICTORIA STREET\TFL.GOV.UK/CP\SW1H 0TL     GBR,,-7.20,
tx_0000B6FpKXvlP10Txwp5jV,13/05/2026,12:41:29,Card payment,Sainsbury’s,🍏,Groceries,-5.90,GBP,-5.90,GBP,,255 Finchley Road,,SAINSBURYS PLC         LONDON        GBR,,-5.90,
tx_0000B6FrKuiEts4h6w3yy2,13/05/2026,13:03:58,Card payment,Smarkets,,Shopping,-10.00,GBP,-10.00,GBP,,1 Commodity Quay,,Smarkets               London        GBR,,-10.00,
tx_0000B6GAbMjYNruBmOEiZC,13/05/2026,16:39:50,Pot transfer,Food  Pot,,Transfers,50.00,GBP,50.00,GBP,,,,,,,50.00
tx_0000B6GF28n8jCnUzMk6RF,13/05/2026,17:29:29,Card payment,Prep Kitchen,🍎,Groceries,-49.50,GBP,-49.50,GBP,,Court Lodge Farm Dale Road  Southfleet,,Prep Kitchen           GRAVESEND     GBR,,-49.50,
tx_0000B6GwLmPJxR4ZO0DEh7,14/05/2026,01:34:51,Pot transfer,Money Pot,,Transfers,20.00,GBP,20.00,GBP,,,,,,,20.00
tx_0000B6IymPXzeCpM1yE9FD,15/05/2026,01:11:30,Card payment,Transport for London,🚆,Transport,-7.20,GBP,-7.20,GBP,Travel charge for Thursday 14 May,"Windsor House, 42-50 Victoria Street",,TfL Travel Charge      TFL.gov.uk/CP GBR,,-7.20,
tx_0000B6J16aKxROnVC7sSTD,15/05/2026,01:37:33,Pot transfer,Money Pot,,Transfers,20.00,GBP,20.00,GBP,,,,,,,20.00
tx_0000B6JzrRQiMyzOuXCbPm,15/05/2026,12:58:20,Card payment,Anthropic,💻,Entertainment,-24.00,GBP,-24.00,GBP,,548 Market Stpmb 90375,,ANTHROPIC              SAN FRANCISCO USA,,-24.00,
tx_0000B6KbDXdteGAD2hwkpG,15/05/2026,19:56:54,Card payment,Lsp Stereo,🍸,Entertainment,-31.50,GBP,-31.50,GBP,,"The Piazza, Covent Garden",,LSP*STEREO             LONDON        GBR,,-31.50,
tx_0000B6Kdydw6Ga6CKR38mh,15/05/2026,20:27:50,Card payment,Lsp Stereo,🍸,Entertainment,-31.50,GBP,-31.50,GBP,,"The Piazza, Covent Garden",,LSP*STEREO             LONDON        GBR,,-31.50,
tx_0000B6L5c6gM1LiQyiSEG9,16/05/2026,01:37:30,Pot transfer,Money Pot,,Transfers,20.00,GBP,20.00,GBP,,,,,,,20.00
tx_0000B6Lk8GNFWCyNJGYKp7,16/05/2026,09:11:31,Card payment,Transport for London,🚆,Transport,-6.20,GBP,-6.20,GBP,Travel charge for Friday 15 May,50 Victoria Street,,TFL TRAVEL CH\VICTORIA STREET\TFL.GOV.UK/CP\SW1H 0TL     GBR,,-6.20,
tx_0000B6M4Zn9Jlaybaw9Uxe,16/05/2026,13:00:35,Card payment,Wapping Tavern,🍸,Entertainment,-20.40,GBP,-20.40,GBP,,97 Wapping Lane,,SQ *WAPPING TAVERN     London        GBR,,-20.40,
tx_0000B6MDQXUxUEc889ikPC,16/05/2026,14:39:46,Card payment,The Captain Kidd,🍸,Entertainment,-5.70,GBP,-5.70,GBP,,108 Wapping High Street,,CAPTAIN KIDD           LONDON        GBR,,-5.70,
tx_0000B6MGnm2prxRplhKyAt,16/05/2026,15:17:34,Card payment,Blue Door Hospital,🍸,Entertainment,-7.50,GBP,-7.50,GBP,,62 Wapping High Street,,SQ *BLUE DOOR HOSPITAL London        GBR,,-7.50,
tx_0000B6MLJwLBWY28o8TAhN,16/05/2026,16:08:12,Card payment,The Dickens Inn,🍺,Eating out,-7.90,GBP,-7.90,GBP,,"Marble Quay, St Katherine's Way",,DICKENS INN BAR        LONDON        GBR,,-7.90,
tx_0000B6NABcA7l4qJqcXEDB,17/05/2026,01:38:09,Pot transfer,Money Pot,,Transfers,20.00,GBP,20.00,GBP,,,,,,,20.00
tx_0000B6NnTJgV5resIuFhGj,17/05/2026,08:58:21,Card payment,Transport for London,🚆,Transport,-6.20,GBP,-6.20,GBP,Travel charge for Saturday 16 May,50 Victoria Street,,TFL TRAVEL CH\VICTORIA STREET\TFL.GOV.UK/CP\SW1H 0TL     GBR,,-6.20,
tx_0000B6OeybhZS08ne5wgN8,17/05/2026,18:57:52,Card payment,Breeze Package 3 Token,💕,General,-21.00,GBP,-21.00,GBP,,,,Breeze package 3 token Rotterdam     NLD,,-21.00,
tx_0000B6Om2d13CpIpjVEfFR,17/05/2026,20:17:02,Faster payment,IBKR,,General,-1.00,GBP,-1.00,GBP,OBK522596984,,,OBK522596984,,-1.00,
tx_0000B6PAYtLyOfKVTuSd2g,18/05/2026,00:51:47,Card payment,Transport for London,🚆,Transport,-14.80,GBP,-14.80,GBP,Travel charge for Sunday 17 May,"Windsor House, 42-50 Victoria Street",,TfL Travel Charge      TFL.gov.uk/CP GBR,,-14.80,
tx_0000B6PF3kvCCCyrhpAHOj,18/05/2026,01:42:11,Pot transfer,Money Pot,,Transfers,20.00,GBP,20.00,GBP,,,,,,,20.00
tx_0000B6Pl0tNtTJOzIqknxc,18/05/2026,07:40:14,Card payment,Pret,☕,Eating out,-5.79,GBP,-5.79,GBP,,25 Villiers Street,,PRET A MANGER          London        GBR,,-5.79,
tx_0000B6QWnQT2T8ghtB7as8,18/05/2026,16:35:38,Card payment,Tesco,🍏 ,Groceries,-5.85,GBP,-5.85,GBP,,23-27 Heath Street,,TESCO STORES 5711      LONDON        GBR,,-5.85,
tx_0000B6RK9qEsE9hsYwOU7u,19/05/2026,01:48:44,Pot transfer,Money Pot,,Transfers,20.00,GBP,20.00,GBP,,,,,,,20.00
tx_0000B6RR7jcSZDehuc2bMA,19/05/2026,03:06:47,Direct Debit,Virgin Media,,Entertainment,-33.99,GBP,-33.99,GBP,111850705001,,,111850705001,,-33.99,
tx_0000B6S0JhJWSeEd3XoPFR,19/05/2026,09:41:07,Card payment,Transport for London,🚆,Transport,-7.20,GBP,-7.20,GBP,Travel charge for Monday 18 May,50 Victoria Street,,TFL TRAVEL CH\VICTORIA STREET\TFL.GOV.UK/CP\SW1H 0TL     GBR,,-7.20,
tx_0000B6S3zeCmi1KFONA707,19/05/2026,10:22:19,Monzo-to-Monzo,Michael Degroot,,General,11.33,GBP,11.33,GBP,,,,,,,11.33
tx_0000B6S5oR5pJsNQDcBVfl,19/05/2026,10:42:42,Card payment,Apple,🍎 ,Entertainment,-16.99,GBP,-16.99,GBP,,Hollyhill Estate,,APPLE.COM/BILL         CORK          IRL,,-16.99,
tx_0000B6ScLm05nu3OTSY1lB,19/05/2026,16:47:17,Card payment,Formnutrition.com,🍎,Shopping,-43.20,GBP,-43.20,GBP,,Great Western Studios65 Alfred Road,,FORMNUTRITION.COM      LONDON        GBR,,-43.20,
tx_0000B6Sh6cDyMumAXPekyI,19/05/2026,17:40:35,Card payment,Uber Eats,🍽,Eating out,-18.21,GBP,-18.21,GBP,,Aldgate Tower First Floor,,UBER   * EATS PENDING  London        GBR,,-18.21,
tx_0000B6TOowQCvslJcapPhD,20/05/2026,01:50:24,Pot transfer,Money Pot,,Transfers,20.00,GBP,20.00,GBP,,,,,,,20.00
tx_0000B6TvNQ3wQqzQUi3A82,20/05/2026,07:55:12,Card payment,Londis,🛒,Groceries,-7.30,GBP,-7.30,GBP,,33 Mill Lane,,LONDIS                 UNITED KINGDO GBR,,-7.30,
tx_0000B6UOOWuVM3dIm5iblR,20/05/2026,13:20:20,Pot transfer,Savings Pot,,Savings,453.00,GBP,453.00,GBP,,,,,,,453.00
tx_0000B6UOQGEkJl4IgNFKUr,20/05/2026,13:20:39,Card payment,Smarkets,,Shopping,-240.00,GBP,-240.00,GBP,,1 Commodity Quay,,Smarkets               London        GBR,,-240.00,
tx_0000B6UdsEYtdaI5mm25Vx,20/05/2026,16:13:47,Card payment,Transport for London,🚆,Transport,-6.70,GBP,-6.70,GBP,Travel charge for Tuesday 19 May,50 Victoria Street,,TFL TRAVEL CH\VICTORIA STREET\TFL.GOV.UK/CP\SW1H 0TL     GBR,,-6.70,
tx_0000B6UlZXMiIkiHfdmH2n,20/05/2026,17:40:03,Card payment,Hair J,✂️,General,-25.00,GBP,-25.00,GBP,,67 Mill Lane,,HAIR J                 LONDON        GBR,,-25.00,
tx_0000B6UrdaGU3wciUxyWcz,20/05/2026,18:48:00,Card payment,Anchor Bankside,🍻,Entertainment,-16.40,GBP,-16.40,GBP,,34 Park Street,,ANCHOR BANKSIDE (SOUTH SOUTHWARK     GBR,,-16.40,
tx_0000B6VAig0445R5uXddz8,20/05/2026,22:21:49,Card payment,Oblix At The Shard,🍽,Eating out,-64.00,GBP,-64.00,GBP,,31 Saint Thomas Street,,Oblix at the Shard     London        GBR,,-64.00,
tx_0000B6VRhLCPcBdMKUMYmh,21/05/2026,01:32:04,Pot transfer,Money Pot,,Transfers,20.00,GBP,20.00,GBP,,,,,,,20.00
tx_0000B6VTZFsNip07PbGXrw,21/05/2026,01:53:01,Card payment,Transport for London,🚆,Transport,-6.20,GBP,-6.20,GBP,Travel charge for Wednesday 20 May,Victoria Street,,TfL Travel Charge      LONDON        GBR,,-6.20,
tx_0000B6WL937bunBX94ShHu,21/05/2026,11:53:21,Card payment,Chequers Sandwich Bar,🥪,Eating out,-9.00,GBP,-9.00,GBP,,47 Bedford Street,,Chequers Sandwich Bar  London        GBR,,-9.00,
tx_0000B6XXJD8quP51BjRfnd,22/05/2026,01:44:22,Pot transfer,Money Pot,,Transfers,20.00,GBP,20.00,GBP,,,,,,,20.00
tx_0000B6YDFlYDENNAmwCMxY,22/05/2026,09:34:21,Card payment,Transport for London,🚆,Transport,-7.20,GBP,-7.20,GBP,Travel charge for Thursday 21 May,50 Victoria Street,,TFL TRAVEL CH\VICTORIA STREET\TFL.GOV.UK/CP\SW1H 0TL     GBR,,-7.20,
tx_0000B6YPqCg33HL08JdP0c,22/05/2026,11:55:24,Card payment,www stadiummk com,🏨,Holidays,-1.00,GBP,-1.00,GBP,,Stadium Way,,WWW STADIUMMK COM      MILTON KEYNES GBR,,-1.00,
tx_0000B6ZbIjoAl4oTyI9gaD,23/05/2026,01:38:31,Pot transfer,Money Pot,,Transfers,20.00,GBP,20.00,GBP,,,,,,,20.00
tx_0000B6aCmRvJVygaNGJ1Yv,23/05/2026,08:38:28,Card payment,Londis,🛒,Groceries,-21.07,GBP,-21.07,GBP,,33 Mill Lane,,LONDIS                 UNITED KINGDO GBR,,-21.07,
tx_0000B6aHVbVZ7pe0Ms06YE,23/05/2026,09:31:27,Card payment,Transport for London,🚆,Transport,-6.20,GBP,-6.20,GBP,Travel charge for Friday 22 May,50 Victoria Street,,TFL TRAVEL CH\VICTORIA STREET\TFL.GOV.UK/CP\SW1H 0TL     GBR,,-6.20,
tx_0000B6aLDzaPGSRs2YpZ4r,23/05/2026,10:13:05,Card payment,Breeze,🫶,Entertainment,-9.50,GBP,-9.50,GBP,,,,Breeze package 1 token Rotterdam     NLD,,-9.50,
tx_0000B6afctSt9tKxCGMyIb,23/05/2026,14:01:41,Card payment,Oc Brockwell,🍎,Groceries,-24.00,GBP,-24.00,GBP,,6th Floor,,SQ *OC BROCKWELL       London        GBR,,-24.00,
tx_0000B6amWZPrUBhIZ0cK5B,23/05/2026,15:18:59,Card payment,Oc Brockwell,🍎,Groceries,-14.80,GBP,-14.80,GBP,,6th Floor,,SQ *OC BROCKWELL       London        GBR,,-14.80,
tx_0000B6attB8KdNUGMBqlWt,23/05/2026,16:41:30,Card payment,Oc Brockwell,🍎,Groceries,-18.05,GBP,-18.05,GBP,,6th Floor,,SQ *OC BROCKWELL       London        GBR,,-18.05,
tx_0000B6b4KEa4vIzne0fBYa,23/05/2026,18:38:27,Card payment,Oc Brockwell,🍎,Groceries,-20.25,GBP,-20.25,GBP,,6th Floor,,SQ *OC BROCKWELL       London        GBR,,-20.25,
tx_0000B6bJlQXY49KJrlu8u4,23/05/2026,21:31:26,Card payment,Uber,🚖,Transport,-54.97,GBP,-54.97,GBP,,Aldgate Tower First Floor,,UBER   * PENDING       London        GBR,,-54.97,
tx_0000B6bJv0PG5MCVqEeiIN,23/05/2026,21:33:10,Card payment,Bolt,🚖,Transport,-63.74,GBP,-63.74,GBP,,,,BOLT.EUO2605232133     London        GBR,,-63.74,
tx_0000B6bJyyqjobmLkNYb6P,23/05/2026,21:33:53,Card payment,Bolt,🚖,Transport,63.74,GBP,63.74,GBP,,,,BOLT.EUO2605232133     London        GBR,,,63.74
tx_0000B6bL13ej16HCGasUhF,23/05/2026,21:45:28,Card payment,Bolt,🚖,Transport,-63.54,GBP,-63.54,GBP,,Studio 4 114 Power Road,,BOLT.EUO2605232145     London        GBR,,-63.54,
tx_0000B6bLZu5gZUhCWcrxac,23/05/2026,21:51:46,Card payment,Uber,🚖,Transport,54.97,GBP,54.97,GBP,,Aldgate Tower First Floor,,UBER   * PENDING       London        GBR,,,54.97
tx_0000B6bPCduowc4rKir58b,23/05/2026,22:32:23,Card payment,Kings Chikn,🍴,Eating out,-20.95,GBP,-20.95,GBP,,102 East Hill,,KINGS CHIKN            LONDON        GBR,,-20.95,
tx_0000B6bPJEgR9e1IPwDUpP,23/05/2026,22:33:34,Card payment,Alma Food And Wine,🍎,Groceries,-8.00,GBP,-8.00,GBP,,98 East Hill,,Alma Food and Wine     London        GBR,,-8.00,
tx_0000B6bZXmrNsn7EIphUGI,24/05/2026,00:28:15,Card payment,Bolt,🚖,Transport,-7.40,GBP,-7.40,GBP,,Studio 4 114 Power Road,,BOLT.EUO2605232145     London        GBR,,-7.40,
tx_0000B6bb8PlonDeNUXBguJ,24/05/2026,00:46:04,Card payment,Bolt,🚖,Transport,-36.49,GBP,-36.49,GBP,,Studio 4 114 Power Road,,BOLT.EUO2605240045     London        GBR,,-36.49,
tx_0000B6belxggvG1dPqUWCg,24/05/2026,01:26:50,Card payment,Transport for London,🚆,Transport,-7.45,GBP,-7.45,GBP,Travel charge for Saturday 23 May,Victoria Street,,TfL Travel Charge      LONDON        GBR,,-7.45,
tx_0000B6bgg1xSKeqqpadGba,24/05/2026,01:48:10,Pot transfer,Money Pot,,Transfers,20.00,GBP,20.00,GBP,,,,,,,20.00
tx_0000B6cMVtj8HCXvHyvhmV,24/05/2026,09:36:57,Pot transfer,Food  Pot,,Transfers,50.00,GBP,50.00,GBP,,,,,,,50.00
tx_0000B6cZgtF5iVUmBePHco,24/05/2026,12:04:36,Card payment,Tesco,🍏 ,Groceries,-11.05,GBP,-11.05,GBP,,59 Fortune Green Road,,TESCO STORES 5861      LONDON        GBR,,-11.05,
tx_0000B6djtiVo7JvTxE82Kb,25/05/2026,01:33:31,Pot transfer,Money Pot,,Transfers,20.00,GBP,20.00,GBP,,,,,,,20.00
tx_0000B6e4onAnSRdeKDkvmV,25/05/2026,05:28:06,Card payment,Microsoft Pc Game Pass,👾,Entertainment,-10.99,GBP,-10.99,GBP,,"Microsoft Campus, Thames Valley Park",,"MICROSOFT*PC GAME PASS READING, BERK GBR",,-10.99,
tx_0000B6eVXgNo9D7AnMCxsa,25/05/2026,10:27:33,Monzo-to-Monzo,Joseph Buckett,🚖,Transport,18.24,GBP,18.24,GBP,,,,Bill split for Bolt,,,18.24
tx_0000B6f7c6XocOtEoEU3DV,25/05/2026,17:34:08,Card payment,Tesco,🍏 ,Groceries,-38.63,GBP,-38.63,GBP,,23-27 Heath Street,,TESCO STORES 5711      LONDON        GBR,,-38.63,
tx_0000B6fFGSyHM3zxXMu30r,25/05/2026,18:59:52,Faster payment,NATHAN CURLEY,,Income,15.00,GBP,15.00,GBP,p,,,p,,,15.00
tx_0000B6fobjlfb5NwrEyz6x,26/05/2026,01:35:53,Pot transfer,Money Pot,,Transfers,20.00,GBP,20.00,GBP,,,,,,,20.00
tx_0000B6gi43hCatQqK6Klvt,26/05/2026,11:57:17,Card payment,Tesco,🍏 ,Groceries,-5.50,GBP,-5.50,GBP,,125 Strand,,TESCO STORES           LONDON        GBR,,-5.50,
tx_0000B6hcpqFfTctrt4tQTh,26/05/2026,22:33:24,Card payment,Smarkets,,Shopping,-150.00,GBP,-150.00,GBP,,1 Commodity Quay,,Smarkets               London        GBR,,-150.00,
tx_0000B6iNuCL7zX5J1ZBYMm,27/05/2026,07:20:49,Monzo-to-Monzo,Anna Fountain,,General,15.00,GBP,15.00,GBP,Taxi xxx thanks b xx,,,,,,15.00
tx_0000B6iaF0ZA9x5HOXEaXJ,27/05/2026,09:39:02,Card payment,Transport for London,🚆,Transport,-7.20,GBP,-7.20,GBP,Travel charge for Tuesday 26 May,50 Victoria Street,,TFL TRAVEL CH\VICTORIA STREET\TFL.GOV.UK/CP\SW1H 0TL     GBR,,-7.20,
tx_0000B6iwXXqzKm8bk7VYdG,27/05/2026,13:48:54,Card payment,Breeze Package 3 Token,💕,General,-21.00,GBP,-21.00,GBP,,,,Breeze package 3 token Rotterdam     NLD,,-21.00,
tx_0000B6j2owU3c2u3LEQTQI,27/05/2026,14:59:16,Card payment,Londis,🛒,Groceries,-23.57,GBP,-23.57,GBP,,33 Mill Lane,,LONDIS                 UNITED KINGDO GBR,,-23.57,
tx_0000B6j98I95tjFDaSOPtC,27/05/2026,16:10:00,Card payment,Tesco,🍏 ,Groceries,-5.75,GBP,-5.75,GBP,,23-27 Heath Street,,TESCO STORES 5711      LONDON        GBR,,-5.75,
tx_0000B6j9IFitl8WAuBrMwM,27/05/2026,16:11:48,Card payment,Sainsbury’s,🍏,Groceries,-1.45,GBP,-1.45,GBP,,204 West End Lane,,SAINSBURYS- LONDON WES LONDON        GBR,,-1.45,
tx_0000B6jPsnVLEkxkmANmHz,27/05/2026,19:17:41,Card payment,West Nine Food & Wine,🍎,Groceries,-19.96,GBP,-19.96,GBP,,124 West End Lane,,WEST NINE FOOD AND WIN LONDON        GBR,,-19.96,
tx_0000B6kd5GKjN4V5fcHDt5,28/05/2026,09:20:19,Card payment,Grocery Post,🍎,Groceries,-17.40,GBP,-17.40,GBP,,280 West End Lane,,SQ *GROCERY POST - WES London        GBR,,-17.40,
tx_0000B6kdxY3lgGhb8IrGy1,28/05/2026,09:30:08,Card payment,Transport for London,🚆,Transport,-4.50,GBP,-4.50,GBP,Travel charge for Wednesday 27 May,50 Victoria Street,,TFL TRAVEL CH\VICTORIA STREET\TFL.GOV.UK/CP\SW1H 0TL     GBR,,-4.50,
tx_0000B6lJ4HYLXz1Y4Hwem2,28/05/2026,17:10:45,Card payment,Tesco,🍏 ,Groceries,-11.30,GBP,-11.30,GBP,,125 Strand,,TESCO STORES           LONDON        GBR,,-11.30,
tx_0000B6lVebQKLRhxfP4hmc,28/05/2026,19:31:46,Card payment,Tesco,🍏 ,Groceries,-4.40,GBP,-4.40,GBP,,23-27 Heath Street,,TESCO STORES 5711      LONDON        GBR,,-4.40,
tx_0000B6lXPQAK7V1csWMvdR,28/05/2026,19:51:26,Card payment,Smarkets,,Shopping,251.85,GBP,251.85,GBP,,Level 7  The Hedge  Triq Ir-rampa Ta  San Gil,,Smarkets Malta Limited St. Julians   MLT,,,251.85
tx_0000B6lvD071Yb5reOcEa2,29/05/2026,00:18:07,Faster payment,Darktrace Holdings Ltd,,Income,3673.59,GBP,3673.59,GBP,00010053253,,,00010053253,,,3673.59
tx_0000B6m9XeYKJEW1Vj3d9Z,29/05/2026,02:58:43,Card payment,Transport for London,🚆,Transport,-6.20,GBP,-6.20,GBP,Travel charge for Thursday 28 May,Victoria Street,,TfL Travel Charge      LONDON        GBR,,-6.20,
tx_0000B6mAF66pjKZfJatfhC,29/05/2026,03:06:34,Direct Debit,Virgin Active,,Entertainment,-96.00,GBP,-96.00,GBP,006800150823010020,,,006800150823010020,,-96.00,
tx_0000B6mbAqeHy1iIHVtPvw,29/05/2026,08:08:20,Pot transfer,My Bills Pot,,Transfers,-161.00,GBP,-161.00,GBP,,,,,,-161.00,
tx_0000B6mbFFMg12pucXle8P,29/05/2026,08:09:08,Pot transfer,Money Pot,,Transfers,-560.00,GBP,-560.00,GBP,,,,,,-560.00,
tx_0000B6mbGALw8Tj9n1Ts1c,29/05/2026,08:09:18,Pot transfer,Food  Pot,,Transfers,-200.00,GBP,-200.00,GBP,,,,,,-200.00,
tx_0000B6mbGxxXhR55NdfOhm,29/05/2026,08:09:26,Pot transfer,Bills Pot,,Transfers,-200.00,GBP,-200.00,GBP,,,,,,-200.00,
tx_0000B6mbHse0wiYZ1W8II1,29/05/2026,08:09:36,Pot transfer,Gym Pot,,Transfers,-96.00,GBP,-96.00,GBP,,,,,,-96.00,
tx_0000B6mbJ73UqrpCFHSQqp,29/05/2026,08:09:50,Pot transfer,Rent Pot,,Transfers,-1349.00,GBP,-1349.00,GBP,,,,,,-1349.00,
tx_0000B6mbKOJWAeG4N7fmzr,29/05/2026,08:10:04,Pot transfer,Savings Pot,,Savings,-500.00,GBP,-500.00,GBP,,,,,,-500.00,
tx_0000B6mfU9XEN9rutEFrD2,29/05/2026,08:56:39,Card payment,Trainline,🚄,Transport,-68.35,GBP,-68.35,GBP,,120 Holborn,,TRAINLINE              LONDON        GBR,,-68.35,
tx_0000B6mhk8OSaHC3nF5Moe,29/05/2026,09:21:57,Bank transfer,Joseph Buckett,,Income,1158.00,GBP,1158.00,GBP,Rent,,,Rent,,,1158.00
tx_0000B6mhnYhxCiZ89oKXRO,29/05/2026,09:22:34,Pot transfer,Rent Pot,,Transfers,-1158.00,GBP,-1158.00,GBP,,,,,,-1158.00,
